Fecha,Territorio,Confirmados_PCR,Confirmados_PCR_14_días,Confirmados_PCR_7_días,Total_confirmados,Hospitalizados,Total_UCI,Fallecidos,Curados
2020-02-26,Sevilla,0,0,0,1,0,0,0,0
2020-02-26,Andalucía,0,0,0,1,0,0,0,0
2020-02-26,Almería,0,0,0,0,0,0,0,0
2020-02-26,Cádiz,0,0,0,0,0,0,0,0
2020-02-26,Málaga,0,0,0,0,0,0,0,0
2020-02-26,Granada,0,0,0,0,0,0,0,0
2020-02-26,Jaén,0,0,0,0,0,0,0,0
2020-02-26,Córdoba,0,0,0,0,0,0,0,0
2020-02-26,Huelva,0,0,0,0,0,0,0,0
2020-02-27,Sevilla,0,0,0,1,0,0,0,0
2020-02-27,Málaga,0,0,0,4,0,0,0,0
2020-02-27,Jaén,0,0,0,0,0,0,0,0
2020-02-27,Huelva,0,0,0,0,0,0,0,0
2020-02-27,Granada,0,0,0,0,0,0,0,0
2020-02-27,Córdoba,0,0,0,0,0,0,0,0
2020-02-27,Cádiz,0,0,0,0,0,0,0,0
2020-02-27,Almería,0,0,0,1,0,0,0,0
2020-02-27,Andalucía,0,0,0,6,0,0,0,0
2020-02-28,Andalucía,0,0,0,8,0,0,0,0
2020-02-28,Almería,0,0,0,1,0,0,0,0
2020-02-28,Cádiz,0,0,0,0,0,0,0,0
2020-02-28,Córdoba,0,0,0,0,0,0,0,0
2020-02-28,Málaga,0,0,0,4,0,0,0,0
2020-02-28,Huelva,0,0,0,0,0,0,0,0
2020-02-28,Jaén,0,0,0,1,0,0,0,0
2020-02-28,Sevilla,0,0,0,2,0,0,0,0
2020-02-28,Granada,0,0,0,0,0,0,0,0
2020-02-29,Andalucía,0,0,0,10,0,0,0,0
2020-02-29,Almería,0,0,0,1,0,0,0,0
2020-02-29,Córdoba,0,0,0,0,0,0,0,0
2020-02-29,Cádiz,0,0,0,0,0,0,0,0
2020-02-29,Huelva,0,0,0,0,0,0,0,0
2020-02-29,Jaén,0,0,0,1,0,0,0,0
2020-02-29,Málaga,0,0,0,6,0,0,0,0
2020-02-29,Sevilla,0,0,0,2,0,0,0,0
2020-02-29,Granada,0,0,0,0,0,0,0,0
2020-03-01,Almería,0,0,0,1,0,0,0,0
2020-03-01,Cádiz,0,0,0,0,0,0,0,0
2020-03-01,Córdoba,0,0,0,0,0,0,0,0
2020-03-01,Andalucía,0,0,0,10,0,0,0,0
2020-03-01,Huelva,0,0,0,0,0,0,0,0
2020-03-01,Jaén,0,0,0,1,0,0,0,0
2020-03-01,Málaga,0,0,0,6,0,0,0,0
2020-03-01,Sevilla,0,0,0,2,0,0,0,0
2020-03-01,Granada,0,0,0,0,0,0,0,0
2020-03-02,Andalucía,0,0,0,10,0,0,0,0
2020-03-02,Almería,0,0,0,1,0,0,0,0
2020-03-02,Cádiz,0,0,0,0,0,0,0,0
2020-03-02,Córdoba,0,0,0,0,0,0,0,0
2020-03-02,Granada,0,0,0,0,0,0,0,0
2020-03-02,Jaén,0,0,0,1,0,0,0,0
2020-03-02,Málaga,0,0,0,6,0,0,0,0
2020-03-02,Sevilla,0,0,0,2,0,0,0,0
2020-03-02,Huelva,0,0,0,0,0,0,0,0
2020-03-03,Andalucía,0,0,0,11,0,0,0,0
2020-03-03,Almería,0,0,0,1,0,0,0,0
2020-03-03,Córdoba,0,0,0,0,0,0,0,0
2020-03-03,Cádiz,0,0,0,0,0,0,0,0
2020-03-03,Huelva,0,0,0,0,0,0,0,0
2020-03-03,Sevilla,0,0,0,2,0,0,0,0
2020-03-03,Granada,0,0,0,0,0,0,0,0
2020-03-03,Jaén,0,0,0,1,0,0,0,0
2020-03-03,Málaga,0,0,0,7,0,0,0,0
2020-03-04,Sevilla,0,0,0,2,0,0,0,0
2020-03-04,Málaga,0,0,0,7,0,0,0,0
2020-03-04,Jaén,0,0,0,1,0,0,0,0
2020-03-04,Huelva,0,0,0,0,0,0,0,0
2020-03-04,Granada,0,0,0,0,0,0,0,0
2020-03-04,Córdoba,0,0,0,0,0,0,0,0
2020-03-04,Cádiz,0,0,0,0,0,0,0,0
2020-03-04,Almería,0,0,0,1,0,0,0,0
2020-03-04,Andalucía,0,0,0,11,0,0,0,0
2020-03-05,Andalucía,0,0,0,15,0,0,0,0
2020-03-05,Almería,0,0,0,1,0,0,0,0
2020-03-05,Cádiz,0,0,0,0,0,0,0,0
2020-03-05,Córdoba,0,0,0,0,0,0,0,0
2020-03-05,Málaga,0,0,0,9,0,0,0,0
2020-03-05,Huelva,0,0,0,0,0,0,0,0
2020-03-05,Jaén,0,0,0,1,0,0,0,0
2020-03-05,Granada,0,0,0,0,0,0,0,0
2020-03-05,Sevilla,0,0,0,4,0,0,0,0
2020-03-06,Córdoba,0,0,0,0,0,0,0,0
2020-03-06,Andalucía,0,0,0,26,0,0,0,0
2020-03-06,Almería,0,0,0,1,0,0,0,0
2020-03-06,Cádiz,0,0,0,0,0,0,0,0
2020-03-06,Granada,0,0,0,0,0,0,0,0
2020-03-06,Jaén,0,0,0,3,0,0,0,0
2020-03-06,Málaga,0,0,0,18,0,0,0,0
2020-03-06,Sevilla,0,0,0,4,0,0,0,0
2020-03-06,Huelva,0,0,0,0,0,0,0,0
2020-03-07,Andalucía,0,0,0,34,0,0,0,0
2020-03-07,Almería,0,0,0,1,0,0,0,0
2020-03-07,Cádiz,0,0,0,1,0,0,0,0
2020-03-07,Córdoba,0,0,0,0,0,0,0,0
2020-03-07,Huelva,0,0,0,0,0,0,0,0
2020-03-07,Jaén,0,0,0,5,0,0,0,0
2020-03-07,Málaga,0,0,0,22,0,0,0,0
2020-03-07,Sevilla,0,0,0,5,0,0,0,0
2020-03-07,Granada,0,0,0,0,0,0,0,0
2020-03-08,Cádiz,0,0,0,2,0,0,0,0
2020-03-08,Andalucía,0,0,0,41,0,0,0,0
2020-03-08,Almería,0,0,0,1,0,0,0,0
2020-03-08,Córdoba,0,0,0,0,0,0,0,0
2020-03-08,Sevilla,0,0,0,5,0,0,0,0
2020-03-08,Huelva,0,0,0,0,0,0,0,0
2020-03-08,Jaén,0,0,0,6,0,0,0,0
2020-03-08,Málaga,0,0,0,27,0,0,0,0
2020-03-08,Granada,0,0,0,0,0,0,0,0
2020-03-09,Andalucía,0,0,0,59,0,0,0,0
2020-03-09,Almería,0,0,0,2,0,0,0,0
2020-03-09,Córdoba,0,0,0,0,0,0,0,0
2020-03-09,Cádiz,0,0,0,2,0,0,0,0
2020-03-09,Huelva,0,0,0,1,0,0,0,0
2020-03-09,Sevilla,0,0,0,5,0,0,0,0
2020-03-09,Granada,0,0,0,0,0,0,0,0
2020-03-09,Jaén,0,0,0,7,0,0,0,0
2020-03-09,Málaga,0,0,0,42,0,0,0,0
2020-03-10,Málaga,0,0,0,59,0,0,0,0
2020-03-10,Jaén,0,0,0,10,0,0,0,0
2020-03-10,Huelva,0,0,0,1,0,0,0,0
2020-03-10,Granada,0,0,0,0,0,0,0,0
2020-03-10,Córdoba,0,0,0,1,0,0,0,0
2020-03-10,Cádiz,0,0,0,2,0,0,0,0
2020-03-10,Almería,0,0,0,3,0,0,0,0
2020-03-10,Andalucía,0,0,0,82,0,0,0,0
2020-03-10,Sevilla,0,0,0,6,0,0,0,0
2020-03-11,Andalucía,0,0,0,95,0,0,0,0
2020-03-11,Almería,0,0,0,3,0,0,0,0
2020-03-11,Cádiz,0,0,0,6,0,0,0,0
2020-03-11,Córdoba,0,0,0,2,0,0,0,0
2020-03-11,Jaén,0,0,0,10,0,0,0,0
2020-03-11,Huelva,0,0,0,1,0,0,0,0
2020-03-11,Málaga,0,0,0,67,0,0,0,0
2020-03-11,Sevilla,0,0,0,6,0,0,0,0
2020-03-11,Granada,0,0,0,0,0,0,0,0
2020-03-12,Andalucía,0,0,0,158,0,0,0,0
2020-03-12,Almería,0,0,0,4,0,0,0,0
2020-03-12,Granada,0,0,0,13,0,0,0,0
2020-03-12,Cádiz,0,0,0,11,0,0,0,0
2020-03-12,Córdoba,0,0,0,3,0,0,0,0
2020-03-12,Jaén,0,0,0,17,0,0,0,0
2020-03-12,Málaga,0,0,0,97,0,0,0,0
2020-03-12,Sevilla,0,0,0,11,0,0,0,0
2020-03-12,Huelva,0,0,0,2,0,0,0,0
2020-03-13,Almería,0,0,0,13,0,0,0,0
2020-03-13,Cádiz,0,0,0,21,2,0,0,0
2020-03-13,Córdoba,0,0,0,18,3,0,0,0
2020-03-13,Andalucía,0,0,0,269,75,0,2,0
2020-03-13,Huelva,0,0,0,4,0,0,0,0
2020-03-13,Jaén,0,0,0,34,10,0,0,0
2020-03-13,Málaga,0,0,0,128,46,0,2,0
2020-03-13,Sevilla,0,0,0,29,8,0,0,0
2020-03-13,Granada,0,0,0,22,6,0,0,0
2020-03-14,Andalucía,0,0,0,437,134,0,6,0
2020-03-14,Almería,0,0,0,14,1,0,0,0
2020-03-14,Cádiz,0,0,0,34,8,0,0,0
2020-03-14,Córdoba,0,0,0,37,6,0,0,0
2020-03-14,Granada,0,0,0,57,20,0,0,0
2020-03-14,Jaén,0,0,0,47,3,0,2,0
2020-03-14,Málaga,0,0,0,180,81,0,4,0
2020-03-14,Sevilla,0,0,0,62,15,0,0,0
2020-03-14,Huelva,0,0,0,6,0,0,0,0
2020-03-15,Andalucía,0,0,0,554,160,0,7,0
2020-03-15,Almería,0,0,0,23,1,0,0,0
2020-03-15,Cádiz,0,0,0,48,3,0,0,0
2020-03-15,Córdoba,0,0,0,41,7,0,0,0
2020-03-15,Huelva,0,0,0,6,5,0,0,0
2020-03-15,Sevilla,0,0,0,84,21,0,0,0
2020-03-15,Granada,0,0,0,67,28,0,0,0
2020-03-15,Jaén,0,0,0,50,10,0,2,0
2020-03-15,Málaga,0,0,0,235,85,0,5,0
2020-03-16,Málaga,0,0,0,278,97,0,6,0
2020-03-16,Jaén,0,0,0,52,8,0,2,0
2020-03-16,Huelva,0,0,0,8,1,0,0,0
2020-03-16,Granada,0,0,0,95,36,0,2,0
2020-03-16,Córdoba,0,0,0,68,18,0,0,0
2020-03-16,Cádiz,0,0,0,56,3,0,0,0
2020-03-16,Almería,0,0,0,26,3,0,0,0
2020-03-16,Andalucía,0,0,0,683,200,0,11,0
2020-03-16,Sevilla,0,0,0,100,34,0,1,0
2020-03-17,Andalucía,0,0,0,859,223,0,19,0
2020-03-17,Almería,0,0,0,30,3,0,0,0
2020-03-17,Cádiz,0,0,0,74,3,0,0,0
2020-03-17,Córdoba,0,0,0,78,19,0,0,0
2020-03-17,Jaén,0,0,0,77,10,0,2,0
2020-03-17,Huelva,0,0,0,14,4,0,0,0
2020-03-17,Sevilla,0,0,0,123,42,0,1,0
2020-03-17,Granada,0,0,0,130,29,0,6,0
2020-03-17,Málaga,0,0,0,333,113,0,10,0
2020-03-18,Cádiz,0,0,0,84,15,0,0,0
2020-03-18,Andalucía,0,0,0,1008,307,0,23,0
2020-03-18,Almería,0,0,0,37,7,0,0,0
2020-03-18,Córdoba,0,0,0,101,26,0,0,0
2020-03-18,Huelva,0,0,0,23,15,0,0,0
2020-03-18,Sevilla,0,0,0,138,53,0,1,0
2020-03-18,Granada,0,0,0,176,66,0,7,0
2020-03-18,Jaén,0,0,0,88,32,0,2,0
2020-03-18,Málaga,0,0,0,361,93,0,13,0
2020-03-19,Almería,0,0,0,46,9,0,0,0
2020-03-19,Cádiz,0,0,0,103,19,0,0,0
2020-03-19,Córdoba,0,0,0,125,25,0,0,0
2020-03-19,Andalucía,0,0,0,1287,367,0,30,0
2020-03-19,Huelva,0,0,0,36,13,0,0,0
2020-03-19,Jaén,0,0,0,119,41,0,2,0
2020-03-19,Málaga,0,0,0,424,109,0,17,0
2020-03-19,Sevilla,0,0,0,190,64,0,1,0
2020-03-19,Granada,0,0,0,244,87,0,10,0
2020-03-20,Andalucía,0,0,0,1515,503,0,40,0
2020-03-20,Almería,0,0,0,53,13,0,0,0
2020-03-20,Cádiz,0,0,0,126,27,0,0,0
2020-03-20,Córdoba,0,0,0,143,34,0,3,0
2020-03-20,Granada,0,0,0,289,100,0,13,0
2020-03-20,Jaén,0,0,0,138,63,0,2,0
2020-03-20,Sevilla,0,0,0,245,89,0,2,0
2020-03-20,Huelva,0,0,0,37,16,0,0,0
2020-03-20,Málaga,0,0,0,484,161,0,20,0
2020-03-21,Cádiz,0,0,0,134,34,0,2,0
2020-03-21,Andalucía,0,0,0,1725,616,0,47,0
2020-03-21,Almería,0,0,0,58,17,0,1,0
2020-03-21,Córdoba,0,0,0,180,39,0,3,0
2020-03-21,Huelva,0,0,0,47,24,0,0,0
2020-03-21,Sevilla,0,0,0,295,126,0,4,0
2020-03-21,Granada,0,0,0,335,145,0,13,0
2020-03-21,Jaén,0,0,0,171,62,0,3,0
2020-03-21,Málaga,0,0,0,505,169,0,21,0
2020-03-22,Málaga,0,0,0,520,192,0,21,34
2020-03-22,Jaén,0,0,0,215,79,0,5,5
2020-03-22,Huelva,0,0,0,58,29,0,1,0
2020-03-22,Granada,0,0,0,374,169,0,17,0
2020-03-22,Córdoba,0,0,0,191,50,0,4,0
2020-03-22,Cádiz,0,0,0,178,50,0,3,4
2020-03-22,Almería,0,0,0,74,23,0,2,2
2020-03-22,Andalucía,0,0,0,1961,744,0,58,50
2020-03-22,Sevilla,0,0,0,351,152,0,5,5
2020-03-23,Andalucía,0,0,0,2471,1132,0,87,66
2020-03-23,Almería,0,0,0,91,39,0,5,3
2020-03-23,Cádiz,0,0,0,245,73,0,3,4
2020-03-23,Córdoba,0,0,0,234,100,0,6,0
2020-03-23,Jaén,0,0,0,259,134,0,12,5
2020-03-23,Huelva,0,0,0,70,38,0,1,2
2020-03-23,Sevilla,0,0,0,427,200,0,13,5
2020-03-23,Granada,0,0,0,480,215,0,21,1
2020-03-23,Málaga,0,0,0,665,333,0,26,46
2020-03-24,Cádiz,0,0,0,278,84,0,4,4
2020-03-24,Andalucía,0,0,0,3010,1433,0,113,71
2020-03-24,Almería,0,0,0,115,50,0,5,5
2020-03-24,Córdoba,0,0,0,291,135,0,6,0
2020-03-24,Huelva,0,0,0,77,42,0,1,2
2020-03-24,Jaén,0,0,0,316,167,0,14,5
2020-03-24,Málaga,0,0,0,819,431,0,40,48
2020-03-24,Sevilla,0,0,0,535,261,0,18,6
2020-03-24,Granada,0,0,0,579,263,0,25,1
2020-03-25,Almería,0,0,0,134,62,0,7,5
2020-03-25,Cádiz,0,0,0,299,92,0,5,4
2020-03-25,Córdoba,0,0,0,349,161,0,7,0
2020-03-25,Andalucía,0,0,0,3406,1626,0,134,77
2020-03-25,Huelva,0,0,0,95,52,0,2,2
2020-03-25,Jaén,0,0,0,349,189,0,15,5
2020-03-25,Málaga,0,0,0,905,490,0,42,52
2020-03-25,Sevilla,0,0,0,627,293,0,24,8
2020-03-25,Granada,0,0,0,648,287,0,32,1
2020-03-26,Andalucía,0,0,0,3793,1843,148,144,92
2020-03-26,Almería,0,0,0,142,65,8,8,6
2020-03-26,Cádiz,0,0,0,348,117,7,6,6
2020-03-26,Córdoba,0,0,0,359,168,13,8,1
2020-03-26,Granada,0,0,0,711,336,38,34,1
2020-03-26,Jaén,0,0,0,414,228,7,15,7
2020-03-26,Málaga,0,0,0,1006,540,40,46,61
2020-03-26,Sevilla,0,0,0,708,329,31,25,8
2020-03-26,Huelva,0,0,0,105,60,4,2,2
2020-03-27,Andalucía,0,0,0,4277,2106,172,175,139
2020-03-27,Almería,0,0,0,173,72,8,10,6
2020-03-27,Córdoba,0,0,0,424,200,13,9,4
2020-03-27,Cádiz,0,0,0,406,156,13,7,8
2020-03-27,Huelva,0,0,0,120,66,4,2,2
2020-03-27,Sevilla,0,0,0,830,383,37,26,13
2020-03-27,Granada,0,0,0,806,396,39,49,11
2020-03-27,Jaén,0,0,0,465,258,10,16,15
2020-03-27,Málaga,0,0,0,1053,575,48,56,80
2020-03-28,Sevilla,0,0,0,912,397,42,30,17
2020-03-28,Málaga,0,0,0,1158,642,57,64,81
2020-03-28,Jaén,0,0,0,501,279,10,20,16
2020-03-28,Huelva,0,0,0,131,72,6,4,2
2020-03-28,Granada,0,0,0,860,427,48,57,13
2020-03-28,Córdoba,0,0,0,473,221,14,11,4
2020-03-28,Cádiz,0,0,0,447,170,16,9,9
2020-03-28,Almería,0,0,0,200,86,8,12,6
2020-03-28,Andalucía,0,0,0,4682,2294,201,207,148
2020-03-29,Andalucía,0,0,0,5405,2671,216,236,155
2020-03-29,Almería,0,0,0,223,96,12,14,6
2020-03-29,Cádiz,0,0,0,507,207,16,13,10
2020-03-29,Córdoba,0,0,0,572,269,15,13,4
2020-03-29,Málaga,0,0,0,1321,725,61,69,83
2020-03-29,Huelva,0,0,0,168,92,7,4,2
2020-03-29,Jaén,0,0,0,599,319,10,23,17
2020-03-29,Sevilla,0,0,0,1052,470,45,34,18
2020-03-29,Granada,0,0,0,963,493,50,66,15
2020-03-30,Andalucía,0,0,0,5818,2867,235,248,160
2020-03-30,Almería,0,0,0,251,108,15,16,6
2020-03-30,Córdoba,0,0,0,661,288,17,15,4
2020-03-30,Cádiz,0,0,0,539,216,19,14,16
2020-03-30,Huelva,0,0,0,177,96,7,4,2
2020-03-30,Sevilla,0,0,0,1119,500,53,36,17
2020-03-30,Granada,0,0,0,1061,556,50,67,15
2020-03-30,Jaén,0,0,0,661,358,13,26,17
2020-03-30,Málaga,0,0,0,1349,745,61,70,83
2020-03-31,Sevilla,0,0,0,1215,536,57,55,20
2020-03-31,Málaga,0,0,0,1464,815,65,77,93
2020-03-31,Jaén,0,0,0,742,395,16,37,17
2020-03-31,Huelva,0,0,0,195,106,7,4,2
2020-03-31,Granada,0,0,0,1182,603,56,80,15
2020-03-31,Córdoba,0,0,0,687,302,19,21,4
2020-03-31,Cádiz,0,0,0,645,266,22,17,17
2020-03-31,Almería,0,0,0,262,124,18,17,14
2020-03-31,Andalucía,0,0,0,6392,3147,260,308,182
2020-04-01,Andalucía,0,0,0,6972,3444,280,343,228
2020-04-01,Almería,0,0,0,290,129,19,18,22
2020-04-01,Cádiz,0,0,0,697,295,23,19,22
2020-04-01,Córdoba,0,0,0,728,321,20,25,7
2020-04-01,Málaga,0,0,0,1644,917,74,93,101
2020-04-01,Huelva,0,0,0,224,115,10,6,2
2020-04-01,Jaén,0,0,0,788,420,16,39,21
2020-04-01,Granada,0,0,0,1230,636,58,86,23
2020-04-01,Sevilla,0,0,0,1371,611,60,57,30
2020-04-02,Córdoba,0,0,0,782,338,32,25,10
2020-04-02,Andalucía,0,0,0,7374,3673,338,376,258
2020-04-02,Almería,0,0,0,301,145,25,20,25
2020-04-02,Cádiz,0,0,0,754,319,42,22,28
2020-04-02,Granada,0,0,0,1292,681,68,93,25
2020-04-02,Jaén,0,0,0,821,440,21,43,23
2020-04-02,Sevilla,0,0,0,1462,659,63,65,33
2020-04-02,Huelva,0,0,0,237,123,10,10,4
2020-04-02,Málaga,0,0,0,1725,968,77,98,110
2020-04-03,Sevilla,0,0,0,1535,712,71,75,53
2020-04-03,Málaga,0,0,0,1800,1010,33,110,162
2020-04-03,Jaén,0,0,0,874,459,48,46,39
2020-04-03,Huelva,0,0,0,274,132,27,11,8
2020-04-03,Granada,0,0,0,1379,727,68,105,47
2020-04-03,Córdoba,0,0,0,892,365,79,30,55
2020-04-03,Cádiz,0,0,0,796,345,27,27,62
2020-04-03,Almería,0,0,0,319,146,11,22,37
2020-04-03,Andalucía,0,0,0,7869,3896,364,426,463
2020-04-04,Andalucía,0,0,0,8301,4107,474,470,665
2020-04-04,Almería,0,0,0,346,151,30,22,39
2020-04-04,Cádiz,0,0,0,846,365,49,31,88
2020-04-04,Córdoba,0,0,0,974,385,46,32,66
2020-04-04,Málaga,0,0,0,1863,1057,94,118,211
2020-04-04,Huelva,0,0,0,279,140,25,11,18
2020-04-04,Jaén,0,0,0,914,475,46,49,60
2020-04-04,Sevilla,0,0,0,1602,747,100,93,82
2020-04-04,Granada,0,0,0,1477,787,84,114,101
2020-04-05,Andalucía,0,0,0,8581,4227,489,491,798
2020-04-05,Almería,0,0,0,371,153,32,23,49
2020-04-05,Córdoba,0,0,0,1046,401,48,37,84
2020-04-05,Cádiz,0,0,0,862,367,56,31,104
2020-04-05,Huelva,0,0,0,288,143,25,16,18
2020-04-05,Sevilla,0,0,0,1663,778,101,97,95
2020-04-05,Granada,0,0,0,1501,808,85,114,129
2020-04-05,Jaén,0,0,0,934,490,46,52,61
2020-04-05,Málaga,0,0,0,1916,1087,96,121,258
2020-04-06,Almería,0,0,0,371,154,32,23,50
2020-04-06,Cádiz,0,0,0,881,370,56,32,109
2020-04-06,Córdoba,0,0,0,1055,408,50,39,84
2020-04-06,Andalucía,0,0,0,8767,4335,499,528,900
2020-04-06,Huelva,0,0,0,292,147,25,16,19
2020-04-06,Jaén,0,0,0,973,520,47,53,62
2020-04-06,Málaga,0,0,0,1932,1095,97,125,289
2020-04-06,Sevilla,0,0,0,1713,811,104,112,105
2020-04-06,Granada,0,0,0,1550,830,88,128,182
2020-04-07,Andalucía,0,0,0,8997,4463,520,605,1041
2020-04-07,Almería,0,0,0,378,161,32,26,54
2020-04-07,Cádiz,0,0,0,901,385,55,36,118
2020-04-07,Córdoba,0,0,0,1069,419,50,42,101
2020-04-07,Granada,0,0,0,1600,844,93,138,177
2020-04-07,Jaén,0,0,0,990,534,49,72,74
2020-04-07,Sevilla,0,0,0,1757,836,109,131,158
2020-04-07,Huelva,0,0,0,296,154,25,20,41
2020-04-07,Málaga,0,0,0,2006,1130,107,140,318
2020-04-08,Cádiz,0,0,0,915,403,58,45,128
2020-04-08,Andalucía,0,0,0,9261,4599,538,652,1193
2020-04-08,Almería,0,0,0,395,168,32,27,63
2020-04-08,Córdoba,0,0,0,1084,424,52,45,131
2020-04-08,Huelva,0,0,0,308,159,25,21,40
2020-04-08,Sevilla,0,0,0,1825,874,114,141,191
2020-04-08,Granada,0,0,0,1639,865,95,142,205
2020-04-08,Jaén,0,0,0,1021,548,51,84,80
2020-04-08,Málaga,0,0,0,2074,1158,111,147,355
2020-04-09,Sevilla,0,0,0,1887,900,124,150,200
2020-04-09,Málaga,0,0,0,2127,1182,123,154,451
2020-04-09,Jaén,0,0,0,1055,557,56,92,111
2020-04-09,Huelva,0,0,0,310,165,26,21,48
2020-04-09,Granada,0,0,0,1686,890,102,148,251
2020-04-09,Córdoba,0,0,0,1116,439,54,48,159
2020-04-09,Cádiz,0,0,0,929,413,64,49,144
2020-04-09,Almería,0,0,0,400,169,33,29,73
2020-04-09,Andalucía,0,0,0,9510,4715,582,691,1437
2020-04-10,Andalucía,0,0,0,9712,4808,602,737,1630
2020-04-10,Almería,0,0,0,403,171,33,32,83
2020-04-10,Cádiz,0,0,0,943,421,65,52,157
2020-04-10,Córdoba,0,0,0,1136,449,55,49,161
2020-04-10,Málaga,0,0,0,2143,1199,137,170,523
2020-04-10,Huelva,0,0,0,318,170,27,22,57
2020-04-10,Jaén,0,0,0,1097,561,57,96,156
2020-04-10,Granada,0,0,0,1725,915,102,157,272
2020-04-10,Sevilla,0,0,0,1947,922,126,159,221
2020-04-11,Córdoba,0,0,0,1153,453,56,56,176
2020-04-11,Andalucía,0,0,0,10006,4950,619,799,1838
2020-04-11,Almería,0,0,0,409,176,35,36,85
2020-04-11,Cádiz,0,0,0,971,436,70,59,194
2020-04-11,Granada,0,0,0,1772,943,103,165,317
2020-04-11,Jaén,0,0,0,1136,579,59,105,200
2020-04-11,Málaga,0,0,0,2203,1239,142,183,558
2020-04-11,Sevilla,0,0,0,2034,955,127,169,247
2020-04-11,Huelva,0,0,0,328,169,27,26,61
2020-04-12,Andalucía,0,0,0,10187,4993,621,815,1967
2020-04-12,Almería,0,0,0,413,176,34,35,86
2020-04-12,Cádiz,0,0,0,990,439,70,60,200
2020-04-12,Córdoba,0,0,0,1169,456,56,56,197
2020-04-12,Huelva,0,0,0,331,171,27,27,61
2020-04-12,Jaén,0,0,0,1169,590,59,107,205
2020-04-12,Málaga,0,0,0,2217,1240,143,183,583
2020-04-12,Sevilla,0,0,0,2066,964,128,177,275
2020-04-12,Granada,0,0,0,1832,957,104,170,360
2020-04-13,Cádiz,0,0,0,1001,452,70,60,203
2020-04-13,Andalucía,0,0,0,10306,5054,631,836,2032
2020-04-13,Almería,0,0,0,414,176,34,38,96
2020-04-13,Córdoba,0,0,0,1190,462,57,58,197
2020-04-13,Sevilla,0,0,0,2083,971,129,178,294
2020-04-13,Huelva,0,0,0,337,177,27,27,61
2020-04-13,Jaén,0,0,0,1177,590,59,111,209
2020-04-13,Málaga,0,0,0,2240,1253,145,184,597
2020-04-13,Granada,0,0,0,1864,973,110,180,375
2020-04-14,Andalucía,0,0,0,10595,5147,665,865,2224
2020-04-14,Almería,0,0,0,416,179,34,38,100
2020-04-14,Cádiz,0,0,0,1044,455,71,62,235
2020-04-14,Córdoba,0,0,0,1211,468,61,59,207
2020-04-14,Huelva,0,0,0,344,185,30,27,62
2020-04-14,Jaén,0,0,0,1189,600,62,115,220
2020-04-14,Granada,0,0,0,1911,994,115,181,409
2020-04-14,Sevilla,0,0,0,2159,982,136,182,327
2020-04-14,Málaga,0,0,0,2321,1284,156,201,664
2020-04-15,Sevilla,0,0,0,2223,992,138,189,402
2020-04-15,Málaga,0,0,0,2363,1302,156,211,772
2020-04-15,Jaén,0,0,0,1201,608,62,128,252
2020-04-15,Huelva,0,0,0,347,200,30,28,73
2020-04-15,Granada,0,0,0,1926,1004,117,187,480
2020-04-15,Córdoba,0,0,0,1247,479,62,63,301
2020-04-15,Cádiz,0,0,0,1072,460,71,68,264
2020-04-15,Almería,0,0,0,428,181,35,38,90
2020-04-15,Andalucía,0,0,0,10807,5226,671,912,2634
2020-04-16,Andalucía,0,0,0,11053,5298,675,940,2790
2020-04-16,Almería,0,0,0,436,186,35,39,118
2020-04-16,Cádiz,0,0,0,1110,466,73,71,276
2020-04-16,Córdoba,0,0,0,1259,486,64,70,317
2020-04-16,Málaga,0,0,0,2429,1317,157,214,809
2020-04-16,Huelva,0,0,0,352,201,29,29,89
2020-04-16,Jaén,0,0,0,1233,612,62,129,252
2020-04-16,Sevilla,0,0,0,2278,1012,138,197,416
2020-04-16,Granada,0,0,0,1956,1018,117,191,513
2020-04-17,Andalucía,0,0,0,11204,5341,677,967,2948
2020-04-17,Almería,0,0,0,444,188,35,41,126
2020-04-17,Córdoba,0,0,0,1266,490,66,72,353
2020-04-17,Cádiz,0,0,0,1122,468,73,74,280
2020-04-17,Huelva,0,0,0,358,204,29,32,107
2020-04-17,Jaén,0,0,0,1274,625,63,131,252
2020-04-17,Málaga,0,0,0,2472,1325,158,217,835
2020-04-17,Sevilla,0,0,0,2299,1016,136,207,432
2020-04-17,Granada,0,0,0,1969,1025,117,193,563
2020-04-18,Almería,0,0,0,458,190,36,42,147
2020-04-18,Cádiz,0,0,0,1139,487,74,75,283
2020-04-18,Córdoba,0,0,0,1271,492,67,74,371
2020-04-18,Andalucía,0,0,0,11425,5424,687,993,3116
2020-04-18,Huelva,0,0,0,377,206,29,34,118
2020-04-18,Jaén,0,0,0,1297,636,67,137,253
2020-04-18,Málaga,0,0,0,2531,1346,158,223,869
2020-04-18,Sevilla,0,0,0,2329,1026,137,212,459
2020-04-18,Granada,0,0,0,2023,1041,119,196,616
2020-04-19,Andalucía,0,0,0,11555,5473,690,1013,3229
2020-04-19,Almería,0,0,0,461,191,36,43,153
2020-04-19,Cádiz,0,0,0,1146,490,74,75,283
2020-04-19,Córdoba,0,0,0,1281,496,67,79,368
2020-04-19,Granada,0,0,0,2078,1057,121,205,704
2020-04-19,Jaén,0,0,0,1309,640,68,140,254
2020-04-19,Málaga,0,0,0,2546,1350,158,223,873
2020-04-19,Sevilla,0,0,0,2345,1037,137,214,474
2020-04-19,Huelva,0,0,0,389,212,29,34,120
2020-04-20,Andalucía,0,0,0,11689,5509,692,1017,3411
2020-04-20,Almería,0,0,0,466,193,36,43,160
2020-04-20,Córdoba,0,0,0,1290,501,69,79,369
2020-04-20,Cádiz,0,0,0,1161,494,74,75,294
2020-04-20,Huelva,0,0,0,390,212,29,34,130
2020-04-20,Sevilla,0,0,0,2371,1044,137,215,481
2020-04-20,Granada,0,0,0,2142,1066,121,208,846
2020-04-20,Jaén,0,0,0,1317,646,68,140,254
2020-04-20,Málaga,0,0,0,2552,1353,158,223,877
2020-04-21,Sevilla,0,0,0,2414,1052,138,218,505
2020-04-21,Málaga,0,0,0,2657,1376,159,232,956
2020-04-21,Jaén,0,0,0,1325,650,68,141,260
2020-04-21,Huelva,0,0,0,391,212,29,35,130
2020-04-21,Granada,0,0,0,2200,1081,122,214,869
2020-04-21,Córdoba,0,0,0,1300,504,69,83,386
2020-04-21,Cádiz,0,0,0,1161,493,74,83,298
2020-04-21,Almería,0,0,0,473,197,37,44,165
2020-04-21,Andalucía,0,0,0,11921,5565,696,1050,3569
2020-04-22,Andalucía,0,0,0,12237,5616,702,1079,3847
2020-04-22,Almería,0,0,0,492,198,37,44,185
2020-04-22,Cádiz,0,0,0,1204,500,74,88,314
2020-04-22,Córdoba,0,0,0,1342,506,69,83,400
2020-04-22,Málaga,0,0,0,2741,1377,161,237,1054
2020-04-22,Huelva,0,0,0,396,214,29,35,136
2020-04-22,Jaén,0,0,0,1348,663,68,147,263
2020-04-22,Granada,0,0,0,2251,1093,124,219,947
2020-04-22,Sevilla,0,0,0,2463,1065,140,226,548
2020-04-23,Córdoba,0,0,0,1363,516,71,87,402
2020-04-23,Andalucía,0,0,0,12495,5675,714,1107,3992
2020-04-23,Almería,0,0,0,513,200,37,44,196
2020-04-23,Cádiz,0,0,0,1220,502,76,92,316
2020-04-23,Granada,0,0,0,2294,1099,124,223,958
2020-04-23,Jaén,0,0,0,1383,674,72,152,280
2020-04-23,Málaga,0,0,0,2839,1383,161,241,1119
2020-04-23,Sevilla,0,0,0,2482,1085,143,231,583
2020-04-23,Huelva,0,0,0,401,216,30,37,138
2020-04-24,Andalucía,0,0,0,12824,5715,717,1131,4295
2020-04-24,Almería,0,0,0,518,202,38,45,213
2020-04-24,Cádiz,0,0,0,1229,510,76,100,317
2020-04-24,Córdoba,0,0,0,1382,517,71,88,516
2020-04-24,Huelva,0,0,0,408,209,30,39,150
2020-04-24,Jaén,0,0,0,1405,678,72,152,285
2020-04-24,Málaga,0,0,0,3009,1396,161,247,1189
2020-04-24,Sevilla,0,0,0,2525,1095,145,235,638
2020-04-24,Granada,0,0,0,2348,1108,124,225,987
2020-04-25,Cádiz,0,0,0,1241,514,76,101,319
2020-04-25,Andalucía,0,0,0,13023,5748,716,1145,4741
2020-04-25,Almería,0,0,0,527,204,38,45,229
2020-04-25,Córdoba,0,0,0,1397,522,71,94,647
2020-04-25,Sevilla,0,0,0,2554,1102,145,235,678
2020-04-25,Huelva,0,0,0,415,210,30,40,152
2020-04-25,Jaén,0,0,0,1410,682,72,152,323
2020-04-25,Málaga,0,0,0,3060,1394,160,249,1329
2020-04-25,Granada,0,0,0,2419,1120,124,229,1064
2020-04-26,Andalucía,0,0,0,13160,5768,720,1157,4890
2020-04-26,Almería,0,0,0,527,204,38,46,238
2020-04-26,Córdoba,0,0,0,1403,523,71,95,694
2020-04-26,Cádiz,0,0,0,1244,516,76,102,319
2020-04-26,Huelva,0,0,0,417,211,30,40,153
2020-04-26,Sevilla,0,0,0,2563,1107,145,236,709
2020-04-26,Granada,0,0,0,2504,1125,126,233,1110
2020-04-26,Jaén,0,0,0,1426,686,74,155,325
2020-04-26,Málaga,0,0,0,3076,1396,160,250,1342
2020-04-27,Sevilla,0,0,0,2575,1117,145,239,749
2020-04-27,Málaga,0,0,0,3093,1400,161,250,1357
2020-04-27,Jaén,0,0,0,1434,690,74,155,345
2020-04-27,Huelva,0,0,0,420,214,30,40,154
2020-04-27,Granada,0,0,0,2536,1123,126,234,1133
2020-04-27,Córdoba,0,0,0,1404,523,71,96,727
2020-04-27,Cádiz,0,0,0,1255,522,76,107,329
2020-04-27,Almería,0,0,0,533,204,38,47,245
2020-04-27,Andalucía,0,0,0,13250,5793,721,1168,5039
2020-04-28,Andalucía,0,0,0,13501,5832,722,1188,5272
2020-04-28,Almería,0,0,0,542,203,37,47,246
2020-04-28,Cádiz,0,0,0,1267,529,76,111,344
2020-04-28,Córdoba,0,0,0,1414,526,71,98,730
2020-04-28,Málaga,0,0,0,3210,1404,161,253,1405
2020-04-28,Huelva,0,0,0,425,214,30,41,163
2020-04-28,Jaén,0,0,0,1445,701,75,156,364
2020-04-28,Sevilla,0,0,0,2605,1127,145,244,806
2020-04-28,Granada,0,0,0,2593,1128,127,238,1214
2020-04-29,Andalucía,0,0,0,13688,5874,721,1207,5710
2020-04-29,Almería,0,0,0,555,207,37,48,299
2020-04-29,Córdoba,0,0,0,1435,531,71,98,728
2020-04-29,Cádiz,0,0,0,1282,532,75,116,347
2020-04-29,Huelva,0,0,0,434,221,30,43,183
2020-04-29,Sevilla,0,0,0,2629,1136,143,248,895
2020-04-29,Granada,0,0,0,2636,1131,128,241,1377
2020-04-29,Jaén,0,0,0,1469,709,76,159,458
2020-04-29,Málaga,0,0,0,3248,1407,161,254,1423
2020-04-30,Sevilla,0,0,0,2649,1157,144,252,957
2020-04-30,Málaga,0,0,0,3324,1415,163,259,1498
2020-04-30,Jaén,0,0,0,1483,719,78,161,559
2020-04-30,Huelva,0,0,0,446,220,30,43,196
2020-04-30,Granada,0,0,0,2693,1144,129,244,1567
2020-04-30,Córdoba,0,0,0,1462,533,71,99,861
2020-04-30,Cádiz,0,0,0,1310,541,77,132,360
2020-04-30,Almería,0,0,0,579,207,37,48,336
2020-04-30,Andalucía,0,0,0,13946,5936,729,1238,6334
2020-05-01,Andalucía,0,0,0,14195,5962,735,1253,6821
2020-05-01,Almería,0,0,0,592,208,37,49,343
2020-05-01,Cádiz,0,0,0,1330,545,78,135,372
2020-05-01,Córdoba,0,0,0,1477,535,74,100,952
2020-05-01,Málaga,0,0,0,3416,1415,164,261,1607
2020-05-01,Huelva,0,0,0,466,220,30,43,210
2020-05-01,Jaén,0,0,0,1513,724,78,162,652
2020-05-01,Granada,0,0,0,2739,1154,129,248,1675
2020-05-01,Sevilla,0,0,0,2662,1161,145,255,1010
2020-05-02,Córdoba,0,0,0,1478,534,73,100,952
2020-05-02,Andalucía,0,0,0,14287,5961,736,1256,6897
2020-05-02,Almería,0,0,0,595,208,37,49,349
2020-05-02,Cádiz,0,0,0,1335,546,78,135,372
2020-05-02,Granada,0,0,0,2751,1152,130,251,1700
2020-05-02,Jaén,0,0,0,1528,725,79,162,675
2020-05-02,Sevilla,0,0,0,2702,1161,145,255,1025
2020-05-02,Huelva,0,0,0,466,220,30,43,212
2020-05-02,Málaga,0,0,0,3432,1415,164,261,1612
2020-05-03,Sevilla,0,0,0,2708,1162,146,258,1045
2020-05-03,Málaga,0,0,0,3452,1416,164,261,1636
2020-05-03,Jaén,0,0,0,1547,732,80,162,689
2020-05-03,Huelva,0,0,0,466,220,30,43,219
2020-05-03,Granada,0,0,0,2766,1155,130,254,1758
2020-05-03,Córdoba,0,0,0,1480,534,73,101,952
2020-05-03,Cádiz,0,0,0,1335,546,78,135,373
2020-05-03,Almería,0,0,0,595,208,37,49,349
2020-05-03,Andalucía,0,0,0,14349,5973,738,1263,7021
2020-05-04,Andalucía,0,0,0,14394,5983,738,1267,7230
2020-05-04,Almería,0,0,0,593,208,37,49,349
2020-05-04,Cádiz,0,0,0,1342,548,78,136,379
2020-05-04,Córdoba,0,0,0,1483,537,73,102,952
2020-05-04,Málaga,0,0,0,3462,1417,164,261,1637
2020-05-04,Huelva,0,0,0,466,220,30,43,219
2020-05-04,Jaén,0,0,0,1556,734,80,162,712
2020-05-04,Granada,0,0,0,2781,1156,130,255,1929
2020-05-04,Sevilla,0,0,0,2711,1163,146,259,1053
2020-05-05,Cádiz,1216,0,0,1365,557,78,138,392
2020-05-05,Andalucía,12236,0,0,14639,6012,740,1281,7679
2020-05-05,Almería,476,0,0,600,208,37,49,353
2020-05-05,Córdoba,1315,0,0,1495,538,73,102,960
2020-05-05,Huelva,399,0,0,474,220,30,44,226
2020-05-05,Jaén,1306,0,0,1584,734,80,164,934
2020-05-05,Málaga,2678,0,0,3565,1429,165,263,1707
2020-05-05,Sevilla,2366,0,0,2733,1167,146,260,1101
2020-05-05,Granada,2480,0,0,2823,1159,131,261,2006
2020-05-06,Andalucía,12268,0,0,14870,6027,744,1294,8076
2020-05-06,Almería,476,0,0,612,209,37,49,367
2020-05-06,Cádiz,1218,0,0,1386,557,78,138,400
2020-05-06,Córdoba,1319,0,0,1508,540,73,103,1027
2020-05-06,Granada,2488,0,0,2888,1164,133,270,2072
2020-05-06,Huelva,399,0,0,487,220,30,44,236
2020-05-06,Jaén,1315,0,0,1600,737,82,164,962
2020-05-06,Málaga,2683,0,0,3638,1432,165,264,1752
2020-05-06,Sevilla,2370,0,0,2751,1168,146,262,1260
2020-05-07,Andalucía,12287,506,0,15050,6038,742,1301,8435
2020-05-07,Almería,477,10,0,618,210,37,49,376
2020-05-07,Cádiz,1222,59,0,1406,559,78,138,412
2020-05-07,Córdoba,1320,27,0,1527,540,73,104,1093
2020-05-07,Sevilla,2379,80,0,2782,1173,146,264,1341
2020-05-07,Huelva,398,10,0,500,219,30,45,275
2020-05-07,Jaén,1321,48,0,1609,733,81,164,1001
2020-05-07,Málaga,2701,104,0,3703,1438,165,266,1811
2020-05-07,Granada,2469,168,0,2905,1166,132,271,2126
2020-05-08,Andalucía,12298,420,0,15228,6069,745,1317,8779
2020-05-08,Almería,477,9,0,630,210,38,49,391
2020-05-08,Cádiz,1228,55,0,1426,565,79,141,449
2020-05-08,Córdoba,1322,25,0,1547,541,73,104,1105
2020-05-08,Granada,2443,120,0,2946,1171,132,273,2201
2020-05-08,Jaén,1332,52,0,1638,742,82,166,1039
2020-05-08,Sevilla,2391,69,0,2816,1181,146,268,1414
2020-05-08,Huelva,398,9,0,507,219,30,46,296
2020-05-08,Málaga,2707,81,0,3718,1440,165,270,1884
2020-05-09,Andalucía,12315,362,0,15403,6080,744,1320,9020
2020-05-09,Almería,479,9,0,642,211,38,50,403
2020-05-09,Cádiz,1232,52,0,1444,566,79,142,469
2020-05-09,Córdoba,1323,22,0,1589,542,73,104,1143
2020-05-09,Sevilla,2395,67,0,2831,1181,146,268,1449
2020-05-09,Huelva,398,7,0,510,219,30,47,303
2020-05-09,Jaén,1345,58,0,1654,743,81,165,1042
2020-05-09,Málaga,2712,70,0,3760,1445,165,271,1942
2020-05-09,Granada,2431,77,0,2973,1173,132,273,2269
2020-05-10,Andalucía,12341,359,0,15478,6092,745,1322,9205
2020-05-10,Almería,482,12,0,649,212,38,50,423
2020-05-10,Cádiz,1232,49,0,1450,567,79,142,472
2020-05-10,Córdoba,1326,24,0,1600,544,73,104,1148
2020-05-10,Huelva,398,6,0,510,219,30,47,303
2020-05-10,Jaén,1349,61,0,1661,743,81,165,1060
2020-05-10,Málaga,2714,66,0,3779,1448,165,271,1955
2020-05-10,Sevilla,2402,67,0,2842,1183,147,269,1542
2020-05-10,Granada,2438,74,0,2987,1176,132,274,2302
2020-05-11,Cádiz,1232,45,0,1449,566,79,142,473
2020-05-11,Andalucía,12293,351,0,15522,6101,745,1326,9297
2020-05-11,Almería,483,13,0,652,213,38,50,427
2020-05-11,Córdoba,1324,22,0,1600,546,73,104,1147
2020-05-11,Sevilla,2409,68,0,2850,1188,147,272,1584
2020-05-11,Huelva,398,4,0,510,219,30,47,309
2020-05-11,Jaén,1355,64,0,1669,742,81,166,1082
2020-05-11,Málaga,2714,64,0,3790,1449,165,271,1960
2020-05-11,Granada,2378,71,0,3002,1178,132,274,2315
2020-05-12,Cádiz,1232,43,0,1464,566,79,142,489
2020-05-12,Andalucía,12317,323,0,15629,6114,750,1332,9481
2020-05-12,Almería,485,14,0,662,214,39,50,433
2020-05-12,Córdoba,1326,21,0,1632,547,74,105,1176
2020-05-12,Sevilla,2414,63,0,2868,1190,148,273,1628
2020-05-12,Huelva,398,0,0,510,219,30,48,320
2020-05-12,Jaén,1358,62,0,1689,745,82,168,1099
2020-05-12,Málaga,2723,55,0,3838,1454,166,272,2010
2020-05-12,Granada,2381,65,0,2966,1179,132,274,2326
2020-05-13,Sevilla,2415,58,0,2895,1191,148,273,1711
2020-05-13,Málaga,2732,55,0,3919,1455,166,273,2098
2020-05-13,Jaén,1366,62,0,1724,749,83,170,1103
2020-05-13,Huelva,398,0,0,510,219,30,48,328
2020-05-13,Granada,2399,58,0,2965,1183,132,275,2412
2020-05-13,Córdoba,1326,16,0,1656,549,74,105,1308
2020-05-13,Cádiz,1235,41,0,1477,566,79,142,511
2020-05-13,Almería,488,14,0,677,216,39,50,447
2020-05-13,Andalucía,12359,304,0,15823,6128,751,1336,9918
2020-05-14,Almería,492,18,0,695,218,39,50,452
2020-05-14,Andalucía,12401,281,0,16068,6146,754,1344,10148
2020-05-14,Córdoba,1328,13,0,1682,551,74,105,1331
2020-05-14,Cádiz,1236,25,0,1480,566,79,142,517
2020-05-14,Huelva,399,0,0,520,219,30,48,344
2020-05-14,Granada,2401,50,0,3033,1184,132,278,2480
2020-05-14,Jaén,1375,58,0,1751,751,85,173,1121
2020-05-14,Málaga,2746,55,0,3983,1463,167,274,2161
2020-05-14,Sevilla,2424,62,0,2924,1194,148,274,1742
2020-05-15,Andalucía,12420,257,0,16263,6161,758,1355,10319
2020-05-15,Almería,494,18,0,713,224,41,51,474
2020-05-15,Cádiz,1235,22,0,1487,568,79,145,530
2020-05-15,Córdoba,1329,14,0,1688,552,75,105,1335
2020-05-15,Sevilla,2423,60,0,2946,1196,148,275,1787
2020-05-15,Huelva,399,0,0,520,219,30,48,351
2020-05-15,Jaén,1379,49,0,1771,753,86,174,1129
2020-05-15,Málaga,2754,54,0,4068,1466,167,278,2214
2020-05-15,Granada,2407,40,0,3070,1183,132,279,2499
2020-05-16,Andalucía,12450,265,0,16432,6174,760,1358,10611
2020-05-16,Almería,498,20,0,728,228,41,52,484
2020-05-16,Cádiz,1240,23,0,1500,570,79,145,560
2020-05-16,Córdoba,1331,13,0,1696,552,76,106,1350
2020-05-16,Huelva,400,1,0,521,219,30,48,391
2020-05-16,Jaén,1387,55,0,1793,754,87,175,1171
2020-05-16,Málaga,2758,57,0,4115,1472,167,278,2295
2020-05-16,Sevilla,2423,55,0,2978,1196,148,275,1840
2020-05-16,Granada,2413,41,0,3101,1183,132,279,2520
2020-05-17,Cádiz,1240,22,0,1508,571,79,145,565
2020-05-17,Andalucía,12458,261,0,16457,6178,761,1358,10671
2020-05-17,Almería,498,20,0,729,229,42,52,487
2020-05-17,Córdoba,1331,13,0,1696,552,76,106,1350
2020-05-17,Granada,2417,43,0,3106,1184,132,279,2524
2020-05-17,Huelva,400,1,0,521,219,30,48,392
2020-05-17,Jaén,1387,50,0,1793,754,87,175,1171
2020-05-17,Málaga,2760,59,0,4122,1473,167,278,2302
2020-05-17,Sevilla,2425,53,0,2982,1196,148,275,1880
2020-05-18,Andalucía,12473,260,0,16511,6176,760,1361,10743
2020-05-18,Almería,498,20,0,728,228,42,52,490
2020-05-18,Cádiz,1239,18,0,1508,570,79,147,566
2020-05-18,Córdoba,1331,13,0,1696,552,75,106,1351
2020-05-18,Sevilla,2430,53,0,2999,1196,148,275,1924
2020-05-18,Huelva,400,1,0,521,219,30,48,392
2020-05-18,Jaén,1392,55,0,1797,753,87,176,1169
2020-05-18,Málaga,2763,56,0,4153,1474,167,278,2324
2020-05-18,Granada,2420,44,0,3109,1184,132,279,2527
2020-05-19,Andalucía,12489,228,0,16689,6182,760,1367,10963
2020-05-19,Almería,498,20,0,734,229,42,52,499
2020-05-19,Cádiz,1242,17,0,1524,571,79,147,593
2020-05-19,Córdoba,1334,12,0,1705,554,75,107,1359
2020-05-19,Huelva,401,2,0,523,219,30,48,414
2020-05-19,Jaén,1397,41,0,1820,754,87,176,1190
2020-05-19,Málaga,2763,47,0,4216,1472,167,281,2377
2020-05-19,Granada,2422,41,0,3141,1187,132,280,2581
2020-05-19,Sevilla,2432,48,0,3026,1196,148,276,1950
2020-05-20,Córdoba,1337,15,0,1729,556,75,110,1428
2020-05-20,Andalucía,12502,228,0,16842,6196,764,1371,11289
2020-05-20,Almería,497,20,0,739,229,42,52,506
2020-05-20,Cádiz,1245,15,0,1531,572,80,147,681
2020-05-20,Granada,2426,39,0,3171,1190,132,280,2630
2020-05-20,Jaén,1403,43,0,1841,758,87,176,1201
2020-05-20,Sevilla,2435,49,0,3045,1199,149,277,1973
2020-05-20,Huelva,402,3,0,525,219,30,48,435
2020-05-20,Málaga,2757,44,0,4261,1473,169,281,2435
2020-05-21,Andalucía,12547,234,0,17025,6210,766,1375,11624
2020-05-21,Almería,498,21,0,748,232,42,52,551
2020-05-21,Cádiz,1252,21,0,1542,575,80,147,721
2020-05-21,Córdoba,1341,17,0,1773,558,75,111,1460
2020-05-21,Sevilla,2437,42,0,3056,1200,149,279,2056
2020-05-21,Huelva,402,3,0,525,219,30,48,437
2020-05-21,Jaén,1422,48,0,1868,761,89,177,1220
2020-05-21,Málaga,2764,47,0,4327,1474,169,281,2537
2020-05-21,Granada,2431,35,0,3186,1191,132,280,2642
2020-05-22,Sevilla,2444,41,0,3075,1202,149,280,2109
2020-05-22,Málaga,2766,47,0,4386,1475,169,281,2623
2020-05-22,Jaén,1431,52,0,1891,763,90,178,1276
2020-05-22,Huelva,402,3,0,525,219,30,48,442
2020-05-22,Granada,2437,37,0,3198,1194,132,280,2651
2020-05-22,Córdoba,1340,14,0,1694,554,75,110,1410
2020-05-22,Cádiz,1258,24,0,1554,577,81,149,737
2020-05-22,Almería,498,21,0,755,231,41,51,564
2020-05-22,Andalucía,12576,239,0,17078,6215,767,1377,11812
2020-05-23,Andalucía,12597,229,0,17215,6229,766,1389,12081
2020-05-23,Almería,499,20,0,763,234,40,52,595
2020-05-23,Córdoba,1341,15,0,1741,558,75,114,1443
2020-05-23,Cádiz,1257,22,0,1558,578,81,153,797
2020-05-23,Huelva,403,4,0,526,220,30,48,447
2020-05-23,Granada,2439,34,0,3217,1195,132,280,2669
2020-05-23,Jaén,1443,53,0,1909,766,90,179,1293
2020-05-23,Málaga,2767,45,0,4418,1476,169,281,2702
2020-05-23,Sevilla,2448,36,0,3083,1202,149,282,2135
2020-05-24,Andalucía,12600,218,0,17267,6230,766,1391,12181
2020-05-24,Almería,499,16,0,763,234,40,52,596
2020-05-24,Cádiz,1257,22,0,1558,578,81,153,797
2020-05-24,Córdoba,1341,13,0,1741,558,75,114,1443
2020-05-24,Sevilla,2448,32,0,3132,1203,149,282,2235
2020-05-24,Huelva,403,4,0,526,220,30,48,447
2020-05-24,Jaén,1443,52,0,1908,765,90,179,1291
2020-05-24,Málaga,2767,44,0,4418,1476,169,281,2703
2020-05-24,Granada,2442,35,0,3221,1196,132,282,2669
2020-05-25,Andalucía,12599,208,0,17292,6233,766,1392,12230
2020-05-25,Almería,500,15,0,763,235,40,52,595
2020-05-25,Cádiz,1257,22,0,1558,578,81,153,797
2020-05-25,Córdoba,1340,12,0,1740,558,75,115,1443
2020-05-25,Huelva,403,4,0,527,220,30,48,448
2020-05-25,Jaén,1443,50,0,1908,764,90,179,1291
2020-05-25,Málaga,2767,43,0,4429,1476,169,281,2715
2020-05-25,Granada,2442,35,0,3217,1199,132,282,2666
2020-05-25,Sevilla,2447,27,0,3150,1203,149,282,2275
2020-05-26,Córdoba,1340,10,0,1740,558,75,116,1454
2020-05-26,Andalucía,12617,191,0,17345,6245,766,1406,12494
2020-05-26,Almería,501,15,0,770,235,40,53,605
2020-05-26,Cádiz,1256,21,0,1561,583,81,158,830
2020-05-26,Granada,2444,33,0,3228,1201,132,284,2686
2020-05-26,Jaén,1452,45,0,1911,766,90,180,1308
2020-05-26,Sevilla,2452,24,0,3149,1205,149,284,2375
2020-05-26,Huelva,403,4,0,527,220,30,48,456
2020-05-26,Málaga,2769,39,0,4459,1477,169,283,2780
2020-05-27,Andalucía,12627,169,0,17380,6245,767,1411,12690
2020-05-27,Almería,502,12,0,770,235,40,53,621
2020-05-27,Cádiz,1259,19,0,1567,582,81,157,888
2020-05-27,Córdoba,1341,11,0,1741,558,75,116,1505
2020-05-27,Sevilla,2456,22,0,3146,1205,149,285,2392
2020-05-27,Huelva,403,3,0,528,220,30,48,460
2020-05-27,Jaén,1454,41,0,1914,767,90,181,1311
2020-05-27,Málaga,2767,28,0,4475,1477,169,285,2802
2020-05-27,Granada,2445,33,0,3239,1201,133,286,2711
2020-05-28,Andalucía,12636,160,0,17408,6247,769,1414,12857
2020-05-28,Almería,503,10,0,773,237,40,53,627
2020-05-28,Cádiz,1259,19,0,1566,582,81,157,890
2020-05-28,Córdoba,1342,10,0,1742,558,76,117,1505
2020-05-28,Huelva,403,3,0,528,220,30,48,463
2020-05-28,Málaga,2771,29,0,4502,1478,170,285,2843
2020-05-28,Sevilla,2459,19,0,3143,1205,149,286,2441
2020-05-28,Granada,2446,33,0,3241,1200,133,286,2739
2020-05-28,Jaén,1453,37,0,1913,767,90,182,1349
2020-05-29,Córdoba,1342,9,0,1743,559,76,117,1506
2020-05-29,Andalucía,12647,163,0,17433,6251,768,1414,13058
2020-05-29,Almería,505,11,0,775,239,40,53,649
2020-05-29,Cádiz,1267,25,0,1574,583,81,158,952
2020-05-29,Granada,2448,32,0,3249,1202,133,286,2747
2020-05-29,Jaén,1453,35,0,1925,768,90,182,1360
2020-05-29,Sevilla,2458,19,0,3141,1205,150,286,2522
2020-05-29,Huelva,403,3,0,527,220,30,48,463
2020-05-29,Málaga,2771,29,0,4499,1475,168,284,2859
2020-05-30,Sevilla,2459,20,0,3139,1203,150,286,2562
2020-05-30,Andalucía,12672,153,0,17469,6260,770,1417,13257
2020-05-30,Cádiz,1269,26,0,1576,583,81,158,974
2020-05-30,Córdoba,1343,8,0,1744,559,76,117,1505
2020-05-30,Almería,507,10,0,777,239,41,53,652
2020-05-30,Huelva,404,3,0,529,221,30,48,464
2020-05-30,Jaén,1455,29,0,1929,768,91,182,1453
2020-05-30,Málaga,2784,31,0,4520,1484,168,286,2895
2020-05-30,Granada,2451,26,0,3255,1203,133,287,2752
2020-05-31,Andalucía,12688,155,0,17476,6261,770,1419,13323
2020-05-31,Málaga,2787,32,0,4523,1484,168,287,2895
2020-05-31,Jaén,1456,29,0,1930,768,91,182,1453
2020-05-31,Huelva,404,3,0,529,221,30,48,464
2020-05-31,Granada,2452,27,0,3256,1203,133,287,2751
2020-05-31,Córdoba,1343,7,0,1744,559,76,117,1505
2020-05-31,Cádiz,1269,26,0,1576,583,81,158,974
2020-05-31,Almería,509,12,0,779,240,41,54,652
2020-05-31,Sevilla,2468,19,0,3139,1203,150,286,2629
2020-06-01,Sevilla,2468,18,3,3139,1203,150,286,2648
2020-06-01,Jaén,1457,28,7,1931,768,91,182,1453
2020-06-01,Huelva,404,3,1,529,221,30,48,464
2020-06-01,Granada,2453,26,6,3257,1203,133,286,2777
2020-06-01,Córdoba,1343,7,5,1744,559,76,117,1505
2020-06-01,Cádiz,1269,26,12,1576,584,81,158,974
2020-06-01,Almería,511,14,10,781,240,41,54,652
2020-06-01,Andalucía,12693,156,60,17482,6262,770,1418,13369
2020-06-01,Málaga,2788,34,16,4525,1484,168,287,2896
2020-06-02,Andalucía,12721,165,76,17505,6270,770,1419,13526
2020-06-02,Cádiz,1275,30,15,1581,584,81,159,986
2020-06-02,Córdoba,1345,8,7,1746,560,76,117,1519
2020-06-02,Almería,516,19,15,787,240,41,54,655
2020-06-02,Huelva,404,2,1,529,221,30,48,465
2020-06-02,Jaén,1461,28,10,1936,768,91,182,1474
2020-06-02,Sevilla,2471,14,3,3139,1205,150,286,2685
2020-06-02,Málaga,2795,38,17,4531,1488,168,287,2916
2020-06-02,Granada,2454,26,8,3256,1204,133,286,2826
2020-06-03,Andalucía,12737,167,85,17529,6276,769,1419,13646
2020-06-03,Almería,517,20,15,788,240,41,54,675
2020-06-03,Cádiz,1274,26,14,1580,583,81,159,1016
2020-06-03,Córdoba,1346,8,7,1747,560,76,117,1540
2020-06-03,Granada,2455,24,9,3258,1204,133,286,2827
2020-06-03,Jaén,1462,26,10,1945,769,90,182,1478
2020-06-03,Málaga,2801,43,22,4536,1491,168,287,2934
2020-06-03,Sevilla,2477,17,6,3145,1207,150,286,2709
2020-06-03,Huelva,405,3,2,530,222,30,48,467
2020-06-04,Cádiz,1274,21,12,1585,586,81,159,1045
2020-06-04,Andalucía,12753,163,88,17561,6286,769,1422,13752
2020-06-04,Almería,521,23,17,793,244,41,54,679
2020-06-04,Córdoba,1347,8,7,1748,561,76,117,1540
2020-06-04,Huelva,407,5,4,532,222,30,48,468
2020-06-04,Jaén,1463,20,10,1949,769,90,184,1491
2020-06-04,Málaga,2806,42,21,4545,1491,168,287,2943
2020-06-04,Granada,2455,24,8,3258,1204,133,286,2851
2020-06-04,Sevilla,2480,20,9,3151,1209,150,287,2735
2020-06-05,Andalucía,12765,155,84,17572,6285,770,1423,13866
2020-06-05,Almería,521,23,14,793,244,41,54,690
2020-06-05,Cádiz,1275,22,11,1584,587,82,159,1069
2020-06-05,Córdoba,1347,8,6,1748,561,76,117,1540
2020-06-05,Huelva,406,4,3,531,221,30,48,470
2020-06-05,Jaén,1464,18,9,1951,769,90,184,1523
2020-06-05,Málaga,2809,42,22,4547,1491,168,287,2951
2020-06-05,Sevilla,2484,20,12,3154,1208,150,287,2754
2020-06-05,Granada,2459,18,7,3264,1204,133,287,2869
2020-06-06,Cádiz,1276,23,11,1584,587,83,159,1107
2020-06-06,Andalucía,12788,166,88,17592,6289,773,1423,13989
2020-06-06,Almería,527,28,19,799,244,41,54,693
2020-06-06,Córdoba,1349,10,7,1750,563,76,117,1540
2020-06-06,Sevilla,2486,19,9,3156,1207,151,287,2784
2020-06-06,Huelva,408,4,4,532,222,30,48,471
2020-06-06,Jaén,1466,19,10,1953,769,91,184,1561
2020-06-06,Málaga,2816,46,22,4554,1493,168,287,2965
2020-06-06,Granada,2460,17,6,3264,1204,133,287,2868
2020-06-07,Almería,527,27,17,799,244,41,54,693
2020-06-07,Cádiz,1277,24,9,1585,587,83,159,1107
2020-06-07,Andalucía,12796,168,82,17598,6291,773,1425,14004
2020-06-07,Córdoba,1349,10,7,1750,563,76,117,1540
2020-06-07,Huelva,408,4,4,532,222,30,48,471
2020-06-07,Granada,2462,17,7,3264,1205,133,287,2873
2020-06-07,Jaén,1467,17,8,1954,769,91,184,1561
2020-06-07,Málaga,2820,49,20,4558,1494,168,287,2965
2020-06-07,Sevilla,2486,20,10,3156,1207,151,289,2794
2020-06-08,Andalucía,12795,167,74,17597,6291,773,1425,14031
2020-06-08,Almería,527,27,15,799,244,41,54,693
2020-06-08,Cádiz,1277,24,5,1585,587,83,159,1107
2020-06-08,Córdoba,1349,10,7,1750,563,76,117,1540
2020-06-08,Huelva,408,4,3,532,222,30,48,471
2020-06-08,Jaén,1467,16,6,1954,769,91,184,1561
2020-06-08,Málaga,2820,48,20,4558,1494,168,287,2964
2020-06-08,Sevilla,2484,20,10,3154,1207,151,289,2821
2020-06-08,Granada,2463,18,8,3265,1205,133,287,2874
2020-06-09,Cádiz,1277,24,5,1586,587,83,161,1196
2020-06-09,Andalucía,12799,168,62,17609,6291,773,1428,14212
2020-06-09,Almería,528,26,12,801,245,41,54,697
2020-06-09,Córdoba,1349,11,5,1750,563,76,117,1546
2020-06-09,Sevilla,2486,22,11,3156,1207,151,289,2833
2020-06-09,Huelva,407,4,0,532,222,30,48,474
2020-06-09,Jaén,1468,16,5,1956,769,91,185,1593
2020-06-09,Málaga,2822,48,18,4562,1494,168,287,2993
2020-06-09,Granada,2462,17,6,3266,1204,133,287,2880
2020-06-10,Andalucía,12810,167,57,17620,6293,774,1428,14322
2020-06-10,Almería,529,27,12,802,245,41,54,701
2020-06-10,Cádiz,1278,25,6,1586,587,83,161,1213
2020-06-10,Córdoba,1348,11,5,1749,563,76,117,1576
2020-06-10,Huelva,407,4,0,532,222,30,48,474
2020-06-10,Jaén,1469,14,5,1958,769,91,185,1628
2020-06-10,Málaga,2826,50,14,4566,1494,168,287,3012
2020-06-10,Sevilla,2491,20,10,3161,1208,152,289,2837
2020-06-10,Granada,2462,16,5,3266,1205,133,287,2881
2020-06-11,Almería,530,26,8,802,245,41,54,702
2020-06-11,Cádiz,1279,22,4,1580,588,83,161,1258
2020-06-11,Córdoba,1349,10,4,1750,563,76,117,1581
2020-06-11,Andalucía,12820,155,46,17625,6298,775,1429,14405
2020-06-11,Huelva,407,4,0,532,222,30,48,474
2020-06-11,Jaén,1471,15,6,1962,769,91,186,1635
2020-06-11,Málaga,2827,43,13,4568,1495,168,287,3037
2020-06-11,Sevilla,2491,19,7,3161,1209,152,289,2836
2020-06-11,Granada,2466,16,4,3270,1207,134,287,2882
2020-06-12,Sevilla,2491,19,5,3162,1209,152,289,2838
2020-06-12,Málaga,2834,47,16,4576,1497,168,287,3039
2020-06-12,Jaén,1472,15,4,1963,769,91,186,1645
2020-06-12,Huelva,407,4,0,532,222,30,48,474
2020-06-12,Granada,2465,15,4,3269,1206,134,287,2893
2020-06-12,Córdoba,1349,10,4,1750,563,76,117,1586
2020-06-12,Cádiz,1281,18,6,1582,588,83,161,1286
2020-06-12,Almería,530,23,6,802,246,41,54,712
2020-06-12,Andalucía,12829,151,45,17636,6300,775,1429,14473
2020-06-13,Almería,530,21,1,803,247,41,54,715
2020-06-13,Cádiz,1281,17,4,1587,589,84,163,1305
2020-06-13,Andalucía,12836,143,37,17654,6302,777,1431,14606
2020-06-13,Córdoba,1349,9,2,1750,562,77,117,1592
2020-06-13,Huelva,407,4,0,533,222,30,48,477
2020-06-13,Granada,2465,12,3,3269,1206,134,287,2906
2020-06-13,Málaga,2838,47,16,4585,1497,168,287,3104
2020-06-13,Sevilla,2494,20,7,3164,1210,152,289,2839
2020-06-13,Jaén,1472,13,4,1963,769,91,186,1668
2020-06-14,Sevilla,2494,20,6,3164,1210,152,289,2842
2020-06-14,Málaga,2839,45,12,4586,1497,168,288,3105
2020-06-14,Jaén,1472,12,3,1963,769,91,186,1668
2020-06-14,Huelva,407,4,0,533,222,30,48,477
2020-06-14,Granada,2465,11,3,3269,1206,134,287,2906
2020-06-14,Córdoba,1350,10,2,1751,563,77,117,1592
2020-06-14,Cádiz,1282,18,5,1588,589,84,163,1305
2020-06-14,Almería,531,20,2,804,247,41,54,716
2020-06-14,Andalucía,12840,140,33,17658,6303,777,1432,14611
2020-06-15,Andalucía,12842,135,33,17660,6303,777,1432,14610
2020-06-15,Almería,531,18,2,804,247,41,54,716
2020-06-15,Cádiz,1282,16,5,1588,589,84,163,1305
2020-06-15,Córdoba,1350,10,1,1751,563,77,117,1592
2020-06-15,Málaga,2840,44,12,4587,1497,168,288,3105
2020-06-15,Huelva,407,4,0,533,222,30,48,477
2020-06-15,Jaén,1474,13,5,1965,769,91,186,1668
2020-06-15,Granada,2464,10,2,3268,1206,134,287,2905
2020-06-15,Sevilla,2494,20,6,3164,1210,152,289,2842
2020-06-16,Cádiz,1282,10,5,1589,589,84,163,1324
2020-06-16,Andalucía,12846,112,32,17664,6305,778,1431,14722
2020-06-16,Almería,531,14,2,803,246,41,54,721
2020-06-16,Córdoba,1350,7,1,1751,563,77,117,1601
2020-06-16,Huelva,407,1,0,533,222,30,48,478
2020-06-16,Jaén,1474,8,5,1965,769,91,186,1676
2020-06-16,Málaga,2840,39,10,4587,1496,168,288,3161
2020-06-16,Sevilla,2497,23,6,3167,1211,152,289,2847
2020-06-16,Granada,2465,10,3,3269,1209,135,286,2914
2020-06-17,Andalucía,12856,104,26,17678,6308,778,1432,14850
2020-06-17,Almería,531,13,1,803,246,41,54,724
2020-06-17,Cádiz,1285,11,5,1592,592,84,163,1328
2020-06-17,Córdoba,1351,7,1,1752,562,77,117,1606
2020-06-17,Granada,2465,10,2,3269,1209,135,287,2927
2020-06-17,Huelva,407,1,0,533,222,30,48,478
2020-06-17,Jaén,1474,8,4,1965,769,91,186,1685
2020-06-17,Málaga,2846,35,9,4597,1496,168,288,3256
2020-06-17,Sevilla,2497,19,4,3167,1212,152,289,2846
2020-06-18,Andalucía,12871,94,28,17713,6309,778,1433,14978
2020-06-18,Almería,532,10,2,804,246,41,54,726
2020-06-18,Cádiz,1288,13,8,1602,592,84,164,1342
2020-06-18,Córdoba,1351,6,1,1752,562,77,117,1607
2020-06-18,Sevilla,2498,17,4,3169,1213,152,289,2855
2020-06-18,Huelva,407,0,0,533,222,30,48,478
2020-06-18,Jaén,1474,8,2,1966,769,91,186,1701
2020-06-18,Málaga,2854,30,7,4616,1496,168,288,3339
2020-06-18,Granada,2467,10,4,3271,1209,135,287,2930
2020-06-19,Andalucía,12892,101,41,17739,6305,777,1426,15051
2020-06-19,Almería,531,9,2,803,245,41,53,734
2020-06-19,Cádiz,1302,25,19,1616,592,84,164,1347
2020-06-19,Córdoba,1351,5,1,1754,561,76,115,1608
2020-06-19,Huelva,407,0,0,533,222,30,48,478
2020-06-19,Jaén,1477,9,4,1970,770,91,187,1702
2020-06-19,Málaga,2855,28,5,4620,1496,168,287,3393
2020-06-19,Sevilla,2498,13,3,3169,1213,152,289,2858
2020-06-19,Granada,2471,12,7,3274,1206,135,283,2931
2020-06-20,Andalucía,12907,96,48,17759,6309,777,1429,15103
2020-06-20,Almería,533,6,4,805,246,41,53,738
2020-06-20,Cádiz,1303,25,20,1619,592,84,165,1351
2020-06-20,Córdoba,1351,4,1,1754,561,76,115,1611
2020-06-20,Huelva,407,0,0,533,222,30,48,479
2020-06-20,Jaén,1477,7,4,1970,770,91,187,1704
2020-06-20,Málaga,2858,25,3,4624,1498,168,288,3427
2020-06-20,Sevilla,2499,12,3,3171,1213,152,289,2860
2020-06-20,Granada,2479,17,13,3283,1207,135,284,2933
2020-06-21,Cádiz,1304,25,20,1620,592,84,165,1352
2020-06-21,Andalucía,12916,98,52,17762,6311,777,1429,15106
2020-06-21,Almería,533,6,3,804,246,41,53,740
2020-06-21,Córdoba,1351,4,0,1752,561,76,115,1611
2020-06-21,Sevilla,2499,11,3,3172,1213,152,289,2861
2020-06-21,Huelva,407,0,0,533,222,30,48,479
2020-06-21,Jaén,1477,6,2,1970,771,91,187,1704
2020-06-21,Málaga,2858,22,3,4622,1498,168,288,3426
2020-06-21,Granada,2487,24,21,3289,1208,135,284,2933
2020-06-22,Andalucía,12925,105,59,17771,6313,777,1429,15113
2020-06-22,Almería,533,6,3,804,246,41,53,740
2020-06-22,Cádiz,1305,26,21,1621,592,84,165,1352
2020-06-22,Córdoba,1352,5,1,1753,562,76,115,1611
2020-06-22,Huelva,407,0,0,533,222,30,48,479
2020-06-22,Jaén,1478,7,2,1971,771,91,187,1704
2020-06-22,Málaga,2861,24,5,4625,1498,168,288,3426
2020-06-22,Sevilla,2499,11,3,3172,1213,152,289,2868
2020-06-22,Granada,2490,26,24,3292,1209,135,284,2933
2020-06-23,Almería,533,5,3,805,246,41,53,740
2020-06-23,Cádiz,1307,26,21,1624,593,84,168,1358
2020-06-23,Córdoba,1352,4,1,1753,562,76,115,1618
2020-06-23,Andalucía,12929,104,60,17778,6313,777,1432,15154
2020-06-23,Huelva,409,2,0,535,223,30,48,479
2020-06-23,Jaén,1478,7,2,1971,771,91,188,1712
2020-06-23,Málaga,2861,23,6,4625,1497,168,287,3446
2020-06-23,Sevilla,2498,10,3,3171,1212,152,289,2867
2020-06-23,Granada,2491,27,24,3294,1209,135,284,2934
2020-06-24,Sevilla,2499,9,4,3172,1213,152,289,2869
2020-06-24,Málaga,2872,30,16,4637,1497,168,287,3506
2020-06-24,Jaén,1478,7,2,1971,774,91,188,1720
2020-06-24,Huelva,409,2,1,535,223,30,48,479
2020-06-24,Granada,2498,33,30,3301,1209,136,286,2948
2020-06-24,Córdoba,1352,3,1,1754,562,76,115,1625
2020-06-24,Cádiz,1308,25,20,1627,593,84,168,1361
2020-06-24,Almería,534,5,3,805,246,41,53,740
2020-06-24,Andalucía,12950,114,77,17802,6317,778,1434,15248
2020-06-25,Almería,535,6,3,806,246,41,53,740
2020-06-25,Cádiz,1311,28,20,1630,593,84,168,1364
2020-06-25,Andalucía,12992,153,109,17844,6320,778,1434,15297
2020-06-25,Córdoba,1352,3,1,1754,562,76,115,1628
2020-06-25,Huelva,417,9,9,543,223,30,48,479
2020-06-25,Sevilla,2500,10,2,3173,1213,152,289,2869
2020-06-25,Málaga,2891,48,35,4656,1498,168,287,3543
2020-06-25,Granada,2508,43,37,3311,1209,136,286,2949
2020-06-25,Jaén,1478,6,2,1971,776,91,188,1725
2020-06-26,Sevilla,2500,10,2,3173,1213,152,289,2871
2020-06-26,Málaga,2905,56,49,4670,1498,168,287,3587
2020-06-26,Jaén,1478,5,0,1971,776,91,188,1725
2020-06-26,Huelva,418,10,10,544,223,31,48,480
2020-06-26,Granada,2516,50,39,3318,1211,136,286,2949
2020-06-26,Córdoba,1353,4,2,1755,562,76,116,1627
2020-06-26,Cádiz,1311,26,7,1630,593,84,169,1377
2020-06-26,Almería,538,9,5,809,246,41,53,743
2020-06-26,Andalucía,13019,170,114,17870,6322,779,1436,15359
2020-06-27,Andalucía,13064,207,148,17914,6324,780,1438,15383
2020-06-27,Almería,538,9,4,809,246,41,53,744
2020-06-27,Cádiz,1313,28,7,1631,593,84,171,1384
2020-06-27,Córdoba,1353,4,1,1755,562,76,116,1627
2020-06-27,Málaga,2931,78,74,4697,1498,168,287,3595
2020-06-27,Huelva,418,10,10,544,223,31,48,480
2020-06-27,Jaén,1483,8,3,1975,777,91,188,1729
2020-06-27,Sevilla,2503,11,5,3176,1214,153,289,2872
2020-06-27,Granada,2525,59,44,3327,1211,136,286,2952
2020-06-28,Andalucía,13083,221,155,17933,6327,780,1438,15386
2020-06-28,Almería,538,8,4,809,246,41,53,744
2020-06-28,Córdoba,1353,3,1,1755,562,76,116,1627
2020-06-28,Cádiz,1314,28,8,1632,593,84,171,1385
2020-06-28,Huelva,418,10,10,544,223,31,48,480
2020-06-28,Jaén,1485,9,5,1977,777,91,188,1729
2020-06-28,Málaga,2939,85,80,4705,1499,168,287,3597
2020-06-28,Sevilla,2503,11,5,3176,1214,153,289,2872
2020-06-28,Granada,2533,67,42,3335,1213,136,286,2952
2020-06-29,Almería,542,12,8,813,246,41,53,744
2020-06-29,Cádiz,1314,28,7,1632,593,84,171,1386
2020-06-29,Córdoba,1353,3,1,1755,562,76,116,1627
2020-06-29,Andalucía,13115,250,184,17965,6328,780,1438,15387
2020-06-29,Huelva,418,10,10,544,223,31,48,480
2020-06-29,Jaén,1486,8,6,1978,777,91,188,1729
2020-06-29,Málaga,2949,94,89,4715,1499,168,287,3597
2020-06-29,Sevilla,2503,11,5,3176,1214,153,289,2872
2020-06-29,Granada,2550,84,58,3352,1214,136,286,2952
2020-06-30,Andalucía,13137,267,203,17989,6331,780,1439,15398
2020-06-30,Almería,543,13,9,814,246,41,53,744
2020-06-30,Cádiz,1316,30,9,1634,593,84,171,1385
2020-06-30,Córdoba,1353,2,1,1756,562,76,116,1629
2020-06-30,Granada,2557,90,65,3359,1214,136,287,2957
2020-06-30,Jaén,1488,10,8,1980,778,91,188,1730
2020-06-30,Málaga,2959,104,98,4726,1501,168,287,3597
2020-06-30,Sevilla,2503,8,4,3176,1214,153,289,2876
2020-06-30,Huelva,418,10,9,544,223,31,48,480
2020-07-01,Andalucía,13174,301,211,18029,6333,780,1440,15441
2020-07-01,Almería,546,16,11,817,247,41,53,747
2020-07-01,Córdoba,1354,3,2,1756,562,76,116,1632
2020-07-01,Cádiz,1318,30,10,1636,593,84,171,1400
2020-07-01,Huelva,418,10,9,544,223,31,48,480
2020-07-01,Sevilla,2503,8,4,3176,1214,153,289,2879
2020-07-01,Granada,2570,103,70,3374,1214,136,287,2958
2020-07-01,Jaén,1490,12,10,1983,779,91,189,1731
2020-07-01,Málaga,2975,119,95,4743,1501,168,287,3614
2020-07-02,Málaga,2975,120,34,4744,1501,168,287,3632
2020-07-02,Jaén,1494,16,13,1986,779,91,189,1734
2020-07-02,Huelva,418,10,1,544,223,31,48,480
2020-07-02,Granada,2584,115,73,3386,1215,137,287,2959
2020-07-02,Córdoba,1353,2,1,1755,562,76,116,1632
2020-07-02,Cádiz,1320,29,9,1638,594,85,171,1403
2020-07-02,Almería,548,17,13,819,247,41,53,747
2020-07-02,Andalucía,13194,315,146,18047,6334,781,1440,15467
2020-07-02,Sevilla,2502,6,2,3175,1213,152,289,2880
2020-07-03,Andalucía,13208,308,142,18065,6337,784,1441,15499
2020-07-03,Almería,549,18,11,820,247,42,53,748
2020-07-03,Cádiz,1320,16,9,1638,594,85,171,1410
2020-07-03,Córdoba,1353,2,1,1756,563,76,116,1632
2020-07-03,Jaén,1494,14,13,1988,781,91,189,1740
2020-07-03,Huelva,418,10,0,544,223,31,49,480
2020-07-03,Sevilla,2504,6,4,3177,1213,153,289,2880
2020-07-03,Granada,2590,117,73,3392,1215,138,287,2960
2020-07-03,Málaga,2980,125,31,4750,1501,168,287,3649
2020-07-04,Cádiz,1322,16,8,1640,594,85,171,1410
2020-07-04,Andalucía,13231,317,139,18089,6340,784,1442,15533
2020-07-04,Almería,552,19,14,823,249,42,53,749
2020-07-04,Córdoba,1353,1,1,1756,563,76,117,1631
2020-07-04,Huelva,418,10,0,544,223,31,49,480
2020-07-04,Sevilla,2506,7,3,3179,1212,153,289,2881
2020-07-04,Granada,2603,124,75,3405,1215,138,287,2960
2020-07-04,Jaén,1496,16,10,1990,781,91,189,1747
2020-07-04,Málaga,2981,124,28,4752,1503,168,287,3675
2020-07-05,Almería,558,25,20,829,249,42,53,750
2020-07-05,Cádiz,1324,18,9,1642,594,85,171,1410
2020-07-05,Córdoba,1353,1,1,1756,563,76,117,1631
2020-07-05,Andalucía,13248,325,141,18106,6341,784,1442,15533
2020-07-05,Huelva,418,10,0,544,223,31,49,480
2020-07-05,Jaén,1496,16,9,1990,781,91,189,1747
2020-07-05,Málaga,2985,129,27,4756,1504,168,287,3675
2020-07-05,Sevilla,2506,7,3,3179,1212,153,289,2881
2020-07-05,Granada,2608,119,72,3410,1215,138,287,2959
2020-07-06,Andalucía,13262,333,119,18121,6346,784,1442,15533
2020-07-06,Almería,562,29,20,833,250,42,53,750
2020-07-06,Cádiz,1325,18,10,1643,594,85,171,1410
2020-07-06,Córdoba,1353,1,1,1756,563,76,117,1631
2020-07-06,Granada,2612,122,61,3415,1216,138,287,2959
2020-07-06,Jaén,1496,15,6,1990,781,91,189,1747
2020-07-06,Sevilla,2506,7,3,3179,1212,153,289,2881
2020-07-06,Huelva,418,10,0,544,223,31,49,480
2020-07-06,Málaga,2990,131,18,4761,1507,168,287,3675
2020-07-07,Cádiz,1327,21,12,1646,596,85,172,1411
2020-07-07,Andalucía,13278,345,124,18136,6350,784,1444,15554
2020-07-07,Almería,565,32,22,836,251,42,53,750
2020-07-07,Córdoba,1353,1,0,1755,562,76,117,1633
2020-07-07,Huelva,418,8,0,544,223,31,49,480
2020-07-07,Sevilla,2507,8,4,3180,1212,153,290,2880
2020-07-07,Granada,2624,133,65,3426,1218,138,287,2959
2020-07-07,Jaén,1496,15,6,1990,781,91,189,1748
2020-07-07,Málaga,2988,127,15,4759,1507,168,287,3693
2020-07-08,Sevilla,2507,7,3,3180,1212,152,289,2881
2020-07-08,Málaga,2990,88,14,4762,1507,165,288,3732
2020-07-08,Jaén,1496,16,4,1990,781,91,189,1748
2020-07-08,Huelva,418,8,0,544,223,31,49,480
2020-07-08,Granada,2644,144,69,3446,1220,137,287,2959
2020-07-08,Córdoba,1353,1,0,1755,562,76,117,1633
2020-07-08,Cádiz,1327,20,9,1646,596,84,172,1415
2020-07-08,Almería,569,35,23,840,251,42,53,754
2020-07-08,Andalucía,13304,319,122,18163,6352,778,1444,15602
2020-07-09,Andalucía,13338,289,138,18199,6356,778,1446,15648
2020-07-09,Almería,585,50,37,857,254,42,53,755
2020-07-09,Cádiz,1326,16,6,1646,596,84,172,1421
2020-07-09,Córdoba,1353,1,0,1755,562,76,116,1635
2020-07-09,Málaga,2993,52,17,4765,1507,165,289,3761
2020-07-09,Huelva,419,2,1,545,223,31,49,486
2020-07-09,Jaén,1497,16,3,1991,781,91,189,1749
2020-07-09,Granada,2658,146,72,3460,1221,137,288,2959
2020-07-09,Sevilla,2507,6,2,3180,1212,152,290,2882
2020-07-10,Córdoba,1357,4,4,1758,564,76,116,1634
2020-07-10,Andalucía,13387,319,174,18247,6364,778,1446,15694
2020-07-10,Almería,592,54,43,864,256,42,53,758
2020-07-10,Cádiz,1328,18,7,1648,597,84,172,1430
2020-07-10,Granada,2688,170,94,3491,1223,137,288,2959
2020-07-10,Jaén,1497,16,3,1991,781,91,189,1751
2020-07-10,Málaga,2999,50,20,4770,1508,165,289,3792
2020-07-10,Sevilla,2507,6,2,3180,1212,152,290,2882
2020-07-10,Huelva,419,1,1,545,223,31,49,488
2020-07-11,Andalucía,13449,357,210,18308,6370,780,1446,15754
2020-07-11,Almería,623,85,67,895,256,43,53,761
2020-07-11,Cádiz,1332,19,11,1652,600,84,172,1441
2020-07-11,Córdoba,1360,7,6,1761,564,76,116,1635
2020-07-11,Huelva,420,2,2,546,223,31,49,488
2020-07-11,Jaén,1497,12,2,1991,781,91,189,1752
2020-07-11,Málaga,3010,57,27,4781,1510,165,289,3832
2020-07-11,Sevilla,2508,5,2,3181,1212,152,290,2882
2020-07-11,Granada,2699,170,93,3501,1224,138,288,2963
2020-07-12,Cádiz,1333,19,9,1653,600,84,172,1442
2020-07-12,Andalucía,13496,389,240,18356,6372,780,1446,15755
2020-07-12,Almería,647,109,88,919,256,43,53,761
2020-07-12,Córdoba,1361,8,7,1762,564,76,116,1635
2020-07-12,Sevilla,2508,5,2,3181,1212,152,290,2882
2020-07-12,Huelva,420,2,2,546,223,31,49,488
2020-07-12,Jaén,1498,12,3,1992,781,91,189,1752
2020-07-12,Málaga,3017,59,29,4788,1511,165,289,3832
2020-07-12,Granada,2712,175,100,3515,1225,138,288,2963
2020-07-13,Andalucía,13514,371,247,18374,6377,781,1446,15755
2020-07-13,Almería,659,117,97,931,257,44,53,761
2020-07-13,Cádiz,1335,21,11,1655,600,84,172,1442
2020-07-13,Córdoba,1362,9,8,1763,564,76,116,1635
2020-07-13,Huelva,420,2,2,546,223,31,49,488
2020-07-13,Jaén,1498,9,3,1992,781,91,189,1752
2020-07-13,Málaga,3021,49,32,4792,1515,165,289,3832
2020-07-13,Sevilla,2508,5,2,3181,1212,152,290,2882
2020-07-13,Granada,2711,159,92,3514,1225,138,288,2963
2020-07-14,Andalucía,13542,384,266,18402,6376,781,1446,15796
2020-07-14,Almería,671,128,106,944,258,44,53,762
2020-07-14,Cádiz,1337,21,11,1657,600,84,172,1444
2020-07-14,Córdoba,1362,8,7,1763,564,76,116,1636
2020-07-14,Huelva,422,4,4,548,223,31,49,488
2020-07-14,Jaén,1499,8,4,1993,781,91,189,1754
2020-07-14,Málaga,3022,49,34,4793,1514,165,289,3867
2020-07-14,Sevilla,2508,5,1,3181,1212,152,290,2882
2020-07-14,Granada,2721,161,99,3523,1224,138,288,2963
2020-07-15,Cádiz,1338,19,11,1658,600,84,172,1446
2020-07-15,Andalucía,13575,391,264,18434,6383,781,1446,15817
2020-07-15,Almería,680,134,110,953,260,44,53,762
2020-07-15,Córdoba,1361,7,6,1762,564,76,116,1636
2020-07-15,Sevilla,2510,6,3,3183,1212,152,290,2882
2020-07-15,Huelva,422,4,4,548,223,31,49,490
2020-07-15,Jaén,1504,12,7,1998,781,91,189,1755
2020-07-15,Málaga,3027,51,35,4797,1516,165,289,3882
2020-07-15,Granada,2733,158,88,3535,1227,138,288,2964
2020-07-16,Andalucía,13665,463,302,18524,6385,782,1446,15845
2020-07-16,Almería,740,192,155,1013,260,44,53,762
2020-07-16,Cádiz,1340,20,10,1660,600,84,172,1447
2020-07-16,Córdoba,1361,7,5,1762,564,76,116,1637
2020-07-16,Huelva,425,7,6,551,223,31,49,490
2020-07-16,Jaén,1505,11,8,1999,782,91,189,1755
2020-07-16,Málaga,3035,58,40,4805,1516,165,289,3908
2020-07-16,Sevilla,2511,6,4,3184,1212,152,290,2882
2020-07-16,Granada,2748,162,74,3550,1228,139,288,2964
2020-07-17,Almería,774,225,183,1047,261,45,53,767
2020-07-17,Cádiz,1340,19,9,1660,600,84,172,1447
2020-07-17,Córdoba,1367,13,8,1768,564,76,116,1637
2020-07-17,Andalucía,13733,519,329,18592,6386,783,1446,15874
2020-07-17,Huelva,425,7,6,551,223,31,49,490
2020-07-17,Jaén,1506,12,9,2000,782,91,189,1755
2020-07-17,Málaga,3042,63,40,4812,1516,165,289,3929
2020-07-17,Sevilla,2517,12,10,3190,1212,152,290,2883
2020-07-17,Granada,2762,168,64,3564,1228,139,288,2966
2020-07-18,Sevilla,2535,29,27,3208,1213,152,290,2884
2020-07-18,Málaga,3062,80,48,4832,1523,165,289,3950
2020-07-18,Jaén,1508,13,11,2002,782,91,189,1755
2020-07-18,Huelva,423,5,3,549,223,31,49,490
2020-07-18,Granada,2772,167,68,3574,1228,139,288,2966
2020-07-18,Córdoba,1397,43,38,1798,564,76,116,1637
2020-07-18,Cádiz,1340,19,7,1660,600,84,172,1449
2020-07-18,Almería,786,230,164,1059,263,45,53,769
2020-07-18,Andalucía,13823,586,366,18682,6396,783,1446,15900
2020-07-19,Almería,797,238,150,1070,263,45,53,769
2020-07-19,Cádiz,1342,17,9,1662,600,84,172,1449
2020-07-19,Andalucía,13901,646,403,18761,6399,783,1446,15900
2020-07-19,Córdoba,1436,82,75,1837,564,76,116,1637
2020-07-19,Málaga,3075,88,57,4845,1525,165,289,3950
2020-07-19,Huelva,423,5,3,549,223,31,49,490
2020-07-19,Sevilla,2535,29,27,3208,1213,152,290,2884
2020-07-19,Granada,2784,173,71,3587,1229,139,288,2966
2020-07-19,Jaén,1509,14,11,2003,782,91,189,1755
2020-07-20,Sevilla,2532,26,24,3205,1213,152,290,2884
2020-07-20,Málaga,3081,93,59,4851,1526,165,289,3950
2020-07-20,Jaén,1509,14,11,2003,782,91,189,1755
2020-07-20,Huelva,423,5,3,549,223,31,49,490
2020-07-20,Granada,2809,191,94,3612,1229,139,288,2966
2020-07-20,Córdoba,1449,95,88,1850,564,76,116,1637
2020-07-20,Cádiz,1342,17,7,1663,600,84,172,1449
2020-07-20,Almería,822,260,163,1095,264,45,53,769
2020-07-20,Andalucía,13967,701,449,18828,6401,783,1446,15900
2020-07-21,Andalucía,14044,768,496,18905,6409,784,1446,15934
2020-07-21,Almería,841,276,168,1114,265,46,53,772
2020-07-21,Cádiz,1347,21,9,1668,603,84,172,1452
2020-07-21,Córdoba,1460,105,99,1861,565,76,116,1637
2020-07-21,Málaga,3104,116,79,4874,1528,165,289,3973
2020-07-21,Huelva,424,6,2,550,223,31,49,491
2020-07-21,Jaén,1509,14,10,2003,782,91,189,1755
2020-07-21,Sevilla,2539,32,31,3212,1214,152,290,2884
2020-07-21,Granada,2820,198,98,3623,1229,139,288,2970
2020-07-22,Andalucía,14161,850,527,19023,6407,784,1446,15941
2020-07-22,Almería,925,355,200,1198,267,46,53,774
2020-07-22,Córdoba,1464,109,103,1866,565,76,116,1638
2020-07-22,Cádiz,1347,20,7,1668,602,84,172,1452
2020-07-22,Huelva,424,6,2,550,223,31,49,491
2020-07-22,Jaén,1510,13,5,2004,782,91,189,1758
2020-07-22,Málaga,3114,122,82,4884,1522,165,289,3974
2020-07-22,Sevilla,2543,36,33,3216,1213,152,290,2884
2020-07-22,Granada,2834,189,95,3637,1233,139,288,2970
2020-07-23,Almería,921,335,184,1194,269,46,53,778
2020-07-23,Cádiz,1350,20,10,1672,603,84,172,1452
2020-07-23,Córdoba,1473,117,112,1874,565,76,116,1638
2020-07-23,Andalucía,14219,854,545,19090,6413,784,1446,15959
2020-07-23,Huelva,424,5,1,550,223,31,49,491
2020-07-23,Jaén,1510,13,5,2005,783,91,189,1760
2020-07-23,Málaga,3135,139,94,4912,1523,165,289,3983
2020-07-23,Sevilla,2554,47,36,3227,1214,152,290,2885
2020-07-23,Granada,2852,178,103,3656,1233,139,288,2972
2020-07-24,Andalucía,14331,925,596,19203,6421,784,1447,16050
2020-07-24,Almería,982,391,235,1255,272,46,53,809
2020-07-24,Cádiz,1352,21,12,1674,603,84,172,1452
2020-07-24,Córdoba,1479,120,110,1880,566,76,117,1638
2020-07-24,Granada,2870,171,91,3674,1233,139,288,2977
2020-07-24,Jaén,1515,18,8,2011,784,91,189,1798
2020-07-24,Málaga,3145,142,96,4922,1524,165,289,4000
2020-07-24,Sevilla,2561,54,40,3234,1216,152,290,2885
2020-07-24,Huelva,427,8,4,553,223,31,49,491
2020-07-25,Andalucía,14445,987,596,19318,6427,784,1447,16120
2020-07-25,Almería,1011,391,252,1284,277,46,53,861
2020-07-25,Córdoba,1484,125,76,1886,567,76,117,1638
2020-07-25,Cádiz,1356,23,16,1678,603,84,172,1452
2020-07-25,Huelva,430,10,6,556,223,31,49,491
2020-07-25,Sevilla,2596,87,64,3269,1214,152,290,2885
2020-07-25,Granada,2879,174,75,3683,1233,139,288,2980
2020-07-25,Jaén,1518,21,10,2014,784,91,189,1798
2020-07-25,Málaga,3171,156,97,4948,1526,165,289,4015
2020-07-26,Málaga,3182,163,91,4959,1526,165,289,4015
2020-07-26,Jaén,1520,22,11,2016,784,91,189,1798
2020-07-26,Huelva,434,14,10,560,223,31,49,491
2020-07-26,Granada,2890,176,75,3694,1234,139,288,2981
2020-07-26,Córdoba,1487,126,48,1889,568,76,118,1637
2020-07-26,Cádiz,1360,27,18,1682,605,84,172,1452
2020-07-26,Almería,1031,387,234,1304,278,46,53,863
2020-07-26,Andalucía,14523,1026,574,19396,6432,784,1448,16122
2020-07-26,Sevilla,2619,111,87,3292,1214,152,290,2885
2020-07-27,Andalucía,14607,1090,569,19480,6438,785,1448,16122
2020-07-27,Almería,1059,404,204,1332,279,46,53,863
2020-07-27,Cádiz,1363,28,20,1685,605,84,172,1452
2020-07-27,Córdoba,1494,133,40,1896,569,77,118,1637
2020-07-27,Jaén,1521,22,11,2017,784,91,189,1798
2020-07-27,Huelva,433,13,9,559,223,31,49,491
2020-07-27,Sevilla,2630,122,97,3303,1214,152,290,2885
2020-07-27,Granada,2902,186,81,3706,1235,139,288,2981
2020-07-27,Málaga,3205,182,107,4982,1529,165,289,4015
2020-07-28,Cádiz,1365,27,18,1687,605,84,172,1453
2020-07-28,Andalucía,14695,1147,558,19570,6444,788,1448,16135
2020-07-28,Almería,1092,422,181,1365,284,48,53,863
2020-07-28,Córdoba,1499,138,39,1901,569,77,117,1640
2020-07-28,Huelva,436,14,12,562,223,31,49,492
2020-07-28,Sevilla,2643,135,102,3316,1215,153,290,2885
2020-07-28,Granada,2906,183,73,3711,1235,139,288,2981
2020-07-28,Jaén,1522,22,12,2018,784,91,190,1798
2020-07-28,Málaga,3232,206,121,5010,1529,165,289,4023
2020-07-29,Almería,1127,406,201,1400,287,48,53,881
2020-07-29,Cádiz,1371,31,22,1693,606,84,172,1454
2020-07-29,Córdoba,1505,144,40,1907,569,77,117,1645
2020-07-29,Andalucía,14800,1166,609,19676,6452,788,1448,16174
2020-07-29,Huelva,441,19,16,567,223,31,49,492
2020-07-29,Jaén,1523,18,13,2020,785,91,190,1799
2020-07-29,Málaga,3255,221,127,5033,1531,165,289,4036
2020-07-29,Sevilla,2660,149,112,3333,1215,153,290,2885
2020-07-29,Granada,2918,178,78,3723,1236,139,288,2982
2020-07-30,Andalucía,14918,1239,646,19794,6457,789,1448,16278
2020-07-30,Almería,1164,426,215,1437,289,49,53,979
2020-07-30,Cádiz,1377,37,26,1699,606,84,172,1454
2020-07-30,Córdoba,1516,155,43,1918,570,77,117,1645
2020-07-30,Granada,2923,173,61,3728,1236,139,288,2982
2020-07-30,Jaén,1527,22,17,2024,785,91,190,1801
2020-07-30,Sevilla,2683,162,123,3356,1215,153,290,2887
2020-07-30,Huelva,444,21,17,570,225,31,49,492
2020-07-30,Málaga,3284,243,144,5062,1531,165,289,4038
2020-07-31,Cádiz,1387,47,34,1709,606,84,172,1454
2020-07-31,Andalucía,15100,1359,731,19975,6472,789,1448,16288
2020-07-31,Almería,1199,451,207,1472,295,49,53,990
2020-07-31,Córdoba,1560,190,80,1962,570,77,117,1645
2020-07-31,Huelva,452,29,24,578,225,31,49,492
2020-07-31,Sevilla,2712,188,144,3385,1216,153,290,2887
2020-07-31,Granada,2944,164,69,3749,1241,139,288,2982
2020-07-31,Jaén,1527,20,11,2024,785,91,190,1801
2020-07-31,Málaga,3319,270,162,5096,1534,165,289,4037
2020-08-01,Sevilla,2728,194,115,3401,1216,153,290,2887
2020-08-01,Málaga,3359,285,180,5136,1534,165,289,4037
2020-08-01,Jaén,1532,24,13,2029,785,91,191,1801
2020-08-01,Huelva,453,29,21,579,225,31,49,492
2020-08-01,Granada,2954,149,66,3759,1241,139,288,2982
2020-08-01,Córdoba,1582,174,98,1984,570,77,117,1645
2020-08-01,Cádiz,1395,55,38,1718,606,84,172,1456
2020-08-01,Almería,1283,523,253,1556,299,49,53,993
2020-08-01,Andalucía,15286,1433,784,20162,6476,789,1449,16293
2020-08-02,Andalucía,15469,1516,867,20345,6485,790,1449,16294
2020-08-02,Almería,1314,516,247,1587,302,49,53,993
2020-08-02,Cádiz,1413,71,52,1736,607,84,172,1456
2020-08-02,Córdoba,1605,166,116,2007,572,77,117,1646
2020-08-02,Málaga,3409,318,204,5186,1536,165,289,4037
2020-08-02,Huelva,464,40,29,590,225,31,49,492
2020-08-02,Jaén,1542,33,22,2039,785,91,191,1801
2020-08-02,Sevilla,2751,216,121,3424,1216,153,290,2887
2020-08-02,Granada,2971,156,76,3776,1242,140,288,2982
2020-08-03,Andalucía,15622,1582,960,20499,6491,792,1450,16296
2020-08-03,Almería,1382,526,294,1655,305,50,53,994
2020-08-03,Córdoba,1610,156,115,2012,572,78,117,1646
2020-08-03,Cádiz,1432,89,66,1755,609,84,173,1456
2020-08-03,Huelva,465,41,29,591,225,31,49,492
2020-08-03,Sevilla,2768,233,132,3441,1217,153,290,2887
2020-08-03,Granada,2982,161,75,3787,1242,140,288,2982
2020-08-03,Jaén,1545,36,24,2042,785,91,191,1801
2020-08-03,Málaga,3438,340,225,5216,1536,165,289,4038
2020-08-04,Sevilla,2784,241,131,3457,1218,153,290,2887
2020-08-04,Málaga,3480,369,243,5258,1537,165,289,4040
2020-08-04,Jaén,1547,38,25,2044,785,91,192,1801
2020-08-04,Huelva,465,41,29,591,225,31,49,492
2020-08-04,Granada,2990,157,78,3795,1243,140,288,2982
2020-08-04,Córdoba,1635,174,133,2037,572,78,117,1649
2020-08-04,Cádiz,1446,98,76,1769,611,84,173,1458
2020-08-04,Almería,1473,562,350,1746,312,50,53,1061
2020-08-04,Andalucía,15820,1680,1065,20697,6503,792,1451,16370
2020-08-05,Andalucía,15998,1797,1139,20877,6521,795,1451,16467
2020-08-05,Almería,1547,621,400,1820,323,52,53,1149
2020-08-05,Cádiz,1459,107,85,1782,612,84,173,1461
2020-08-05,Córdoba,1643,174,130,2045,573,78,117,1650
2020-08-05,Málaga,3516,389,251,5295,1539,165,289,4043
2020-08-05,Huelva,467,41,25,594,225,31,49,492
2020-08-05,Jaén,1549,39,26,2046,787,92,192,1802
2020-08-05,Granada,3001,161,80,3806,1244,140,288,2983
2020-08-05,Sevilla,2816,265,142,3489,1218,153,290,2887
2020-08-06,Córdoba,1656,178,127,2058,573,78,117,1650
2020-08-06,Andalucía,16314,2030,1308,21193,6546,795,1452,16491
2020-08-06,Almería,1652,703,470,1925,334,52,53,1171
2020-08-06,Cádiz,1483,129,101,1806,615,84,173,1461
2020-08-06,Granada,3019,157,92,3825,1244,140,288,2983
2020-08-06,Jaén,1574,64,47,2071,789,92,192,1802
2020-08-06,Sevilla,2847,285,144,3520,1220,153,290,2887
2020-08-06,Huelva,471,43,27,597,226,31,50,492
2020-08-06,Málaga,3612,471,300,5391,1545,165,289,4045
2020-08-07,Sevilla,2873,301,152,3546,1221,153,290,2887
2020-08-07,Málaga,3697,539,360,5475,1547,165,289,4046
2020-08-07,Jaén,1581,65,54,2078,789,92,192,1802
2020-08-07,Huelva,477,48,26,603,227,32,50,492
2020-08-07,Granada,3042,167,95,3847,1245,140,288,2983
2020-08-07,Córdoba,1679,195,115,2081,573,78,117,1650
2020-08-07,Cádiz,1510,155,117,1833,616,84,173,1461
2020-08-07,Almería,1764,772,498,2037,339,52,53,1193
2020-08-07,Andalucía,16623,2242,1417,21500,6557,796,1452,16514
2020-08-08,Andalucía,16967,2452,1516,21844,6568,797,1455,16613
2020-08-08,Almería,1878,848,545,2151,345,53,53,1195
2020-08-08,Cádiz,1528,169,106,1851,617,84,174,1462
2020-08-08,Córdoba,1697,208,104,2099,573,78,117,1731
2020-08-08,Málaga,3765,585,362,5543,1547,165,289,4046
2020-08-08,Huelva,480,47,20,606,227,32,50,492
2020-08-08,Jaén,1627,108,89,2124,791,92,192,1802
2020-08-08,Granada,3071,183,113,3876,1246,140,290,2984
2020-08-08,Sevilla,2921,304,177,3594,1222,153,290,2901
2020-08-09,Cádiz,1545,181,97,1868,618,84,174,1462
2020-08-09,Andalucía,17254,2636,1614,22131,6573,797,1457,16618
2020-08-09,Almería,1978,909,608,2251,348,53,55,1198
2020-08-09,Córdoba,1712,218,98,2114,573,78,117,1731
2020-08-09,Huelva,489,53,26,615,227,32,50,492
2020-08-09,Jaén,1639,119,96,2136,791,92,192,1802
2020-08-09,Málaga,3845,639,387,5623,1547,165,289,4046
2020-08-09,Sevilla,2961,327,192,3634,1222,153,290,2901
2020-08-09,Granada,3085,190,110,3890,1247,140,290,2986
2020-08-10,Andalucía,17484,2800,1679,22361,6586,797,1457,16618
2020-08-10,Almería,2023,933,558,2296,352,53,55,1198
2020-08-10,Cádiz,1589,219,131,1912,620,84,174,1462
2020-08-10,Córdoba,1725,225,105,2127,573,78,117,1731
2020-08-10,Granada,3108,201,125,3913,1248,140,290,2986
2020-08-10,Huelva,489,52,25,615,227,32,50,492
2020-08-10,Jaén,1646,125,102,2143,791,92,192,1802
2020-08-10,Málaga,3910,693,423,5688,1551,165,289,4046
2020-08-10,Sevilla,2994,352,210,3667,1224,153,290,2901
2020-08-11,Andalucía,17762,2999,1777,22640,6601,801,1457,16748
2020-08-11,Almería,2114,989,558,2387,358,55,55,1296
2020-08-11,Cádiz,1623,250,156,1946,622,84,174,1465
2020-08-11,Córdoba,1748,244,110,2150,575,78,117,1733
2020-08-11,Sevilla,3004,356,204,3678,1225,155,290,2923
2020-08-11,Huelva,491,54,26,617,227,32,50,493
2020-08-11,Jaén,1662,140,115,2159,792,92,192,1802
2020-08-11,Málaga,3994,752,475,5772,1553,165,289,4049
2020-08-11,Granada,3126,214,133,3931,1249,140,290,2987
2020-08-12,Andalucía,18068,3199,1857,22946,6618,803,1457,16813
2020-08-12,Almería,2190,1041,558,2463,364,57,55,1308
2020-08-12,Cádiz,1654,278,178,1977,623,84,174,1468
2020-08-12,Córdoba,1786,273,142,2188,578,78,117,1746
2020-08-12,Huelva,498,56,30,624,227,32,50,493
2020-08-12,Jaén,1672,149,122,2169,793,92,192,1804
2020-08-12,Sevilla,3041,367,190,3715,1227,155,290,2953
2020-08-12,Granada,3153,231,146,3958,1249,140,290,2987
2020-08-12,Málaga,4074,804,491,5852,1557,165,289,4054
2020-08-13,Sevilla,3089,387,209,3763,1229,155,290,2956
2020-08-13,Málaga,4174,863,488,5952,1562,165,290,4057
2020-08-13,Jaén,1695,168,113,2192,796,92,192,1816
2020-08-13,Huelva,513,69,42,639,227,32,50,495
2020-08-13,Granada,3185,258,158,3990,1250,140,290,2991
2020-08-13,Córdoba,1810,281,153,2212,579,78,117,1748
2020-08-13,Cádiz,1706,324,216,2029,625,84,174,1468
2020-08-13,Almería,2318,1134,589,2592,373,58,56,1321
2020-08-13,Andalucía,18490,3484,1968,23369,6641,804,1459,16852
2020-08-14,Andalucía,18923,3712,2086,23805,6671,805,1459,16910
2020-08-14,Almería,2441,1172,615,2715,376,58,56,1343
2020-08-14,Cádiz,1755,361,237,2080,632,84,174,1481
2020-08-14,Córdoba,1824,259,137,2227,581,78,117,1749
2020-08-14,Málaga,4287,950,518,6065,1571,165,290,4063
2020-08-14,Huelva,524,72,45,650,228,32,50,495
2020-08-14,Jaén,1716,189,113,2213,797,93,192,1818
2020-08-14,Sevilla,3138,419,231,3812,1233,155,290,2957
2020-08-14,Granada,3238,290,190,4043,1253,140,290,3004
2020-08-15,Andalucía,19457,4007,2272,24339,6687,808,1459,16936
2020-08-15,Almería,2600,1264,661,2874,379,59,56,1348
2020-08-15,Córdoba,1871,277,162,2274,581,78,117,1757
2020-08-15,Cádiz,1815,393,272,2140,635,85,174,1484
2020-08-15,Huelva,530,70,49,656,228,32,50,496
2020-08-15,Sevilla,3201,462,264,3875,1239,156,290,2958
2020-08-15,Granada,3274,314,190,4079,1253,140,290,3005
2020-08-15,Jaén,1740,202,105,2237,797,93,192,1819
2020-08-15,Málaga,4426,1025,569,6204,1575,165,290,4069
2020-08-16,Almería,2676,1305,620,2950,389,60,59,1459
2020-08-16,Cádiz,1895,444,320,2220,636,85,175,1486
2020-08-16,Córdoba,1880,265,164,2283,581,78,117,1757
2020-08-16,Andalucía,19912,4273,2416,24794,6707,809,1464,17051
2020-08-16,Huelva,535,72,44,661,228,32,50,496
2020-08-16,Jaén,1757,214,99,2254,797,93,192,1819
2020-08-16,Málaga,4552,1097,632,6330,1578,165,290,4071
2020-08-16,Sevilla,3300,536,318,3974,1242,156,290,2958
2020-08-16,Granada,3317,340,219,4122,1256,140,291,3005
2020-08-17,Andalucía,20438,4640,2711,25320,6730,812,1466,17087
2020-08-17,Almería,2862,1397,755,3136,397,62,60,1461
2020-08-17,Cádiz,1964,503,357,2289,639,85,175,1501
2020-08-17,Córdoba,1938,317,194,2341,581,78,117,1757
2020-08-17,Granada,3343,358,217,4148,1261,140,291,3019
2020-08-17,Jaén,1768,224,108,2265,798,93,192,1820
2020-08-17,Sevilla,3341,564,337,4015,1245,156,291,2958
2020-08-17,Huelva,535,71,44,661,228,32,50,497
2020-08-17,Málaga,4687,1206,699,6465,1581,166,290,4074
2020-08-18,Cádiz,2008,541,379,2333,643,87,175,1501
2020-08-18,Andalucía,20869,4887,2896,25751,6763,818,1469,17106
2020-08-18,Almería,2934,1380,760,3208,407,63,63,1472
2020-08-18,Córdoba,1979,340,205,2382,584,78,117,1759
2020-08-18,Huelva,538,73,46,664,229,32,50,497
2020-08-18,Sevilla,3375,571,350,4049,1246,159,291,2960
2020-08-18,Granada,3371,377,231,4176,1262,140,291,3019
2020-08-18,Jaén,1788,241,116,2285,799,93,192,1820
2020-08-18,Málaga,4876,1364,809,6654,1593,166,290,4078
2020-08-19,Sevilla,3444,593,369,4118,1250,159,291,2962
2020-08-19,Málaga,5059,1478,875,6836,1599,166,290,4093
2020-08-19,Jaén,1802,252,127,2299,799,93,192,1825
2020-08-19,Huelva,545,77,47,671,230,32,50,498
2020-08-19,Granada,3428,421,252,4233,1272,140,291,3020
2020-08-19,Córdoba,2049,403,246,2452,587,78,117,1759
2020-08-19,Cádiz,2063,589,382,2388,648,87,175,1503
2020-08-19,Almería,3057,1426,772,3332,420,63,64,1472
2020-08-19,Andalucía,21447,5239,3070,26329,6805,818,1470,17132
2020-08-20,Andalucía,22033,5499,3140,26917,6830,819,1470,17198
2020-08-20,Almería,3154,1422,725,3429,432,64,64,1474
2020-08-20,Cádiz,2147,657,416,2473,651,87,175,1511
2020-08-20,Córdoba,2124,463,304,2527,588,78,117,1773
2020-08-20,Málaga,5202,1511,853,6979,1601,166,290,4126
2020-08-20,Huelva,548,77,33,674,231,32,50,498
2020-08-20,Jaén,1821,240,119,2319,800,93,192,1834
2020-08-20,Granada,3488,459,268,4293,1275,140,291,3019
2020-08-20,Sevilla,3549,670,422,4223,1252,159,291,2963
2020-08-21,Córdoba,2203,512,356,2606,592,80,117,1776
2020-08-21,Andalucía,22740,5885,3288,27623,6867,821,1475,17242
2020-08-21,Almería,3277,1449,693,3552,446,64,64,1477
2020-08-21,Cádiz,2213,696,429,2539,653,87,175,1514
2020-08-21,Granada,3552,502,284,4357,1278,140,292,3028
2020-08-21,Jaén,1860,257,130,2357,802,93,192,1835
2020-08-21,Málaga,5421,1640,893,7198,1612,166,293,4149
2020-08-21,Sevilla,3646,740,460,4320,1253,159,291,2964
2020-08-21,Huelva,568,89,43,694,231,32,51,499
2020-08-22,Andalucía,23387,6178,3284,28271,6898,827,1477,17383
2020-08-22,Almería,3441,1501,703,3717,452,68,64,1481
2020-08-22,Cádiz,2274,727,415,2600,657,88,176,1625
2020-08-22,Córdoba,2260,546,348,2663,593,80,117,1786
2020-08-22,Huelva,581,99,49,707,232,32,51,499
2020-08-22,Jaén,1891,256,150,2388,804,93,192,1846
2020-08-22,Málaga,5592,1723,866,7369,1625,167,293,4153
2020-08-22,Sevilla,3737,799,453,4411,1255,159,291,2965
2020-08-22,Granada,3611,527,300,4416,1280,140,293,3028
2020-08-23,Cádiz,2317,741,373,2643,658,88,176,1625
2020-08-23,Andalucía,23980,6443,3302,28864,6910,827,1479,17389
2020-08-23,Almería,3556,1498,669,3832,452,68,65,1481
2020-08-23,Córdoba,2332,608,357,2735,594,80,117,1786
2020-08-23,Sevilla,3819,834,459,4493,1257,159,291,2965
2020-08-23,Huelva,590,98,55,716,232,32,51,499
2020-08-23,Jaén,1909,251,150,2406,804,93,193,1846
2020-08-23,Málaga,5765,1820,907,7542,1632,167,293,4159
2020-08-23,Granada,3692,593,332,4497,1281,140,293,3028
2020-08-24,Andalucía,24541,6766,3495,29425,6923,827,1481,17411
2020-08-24,Almería,3728,1618,772,4004,453,68,66,1481
2020-08-24,Cádiz,2372,765,369,2698,660,88,177,1625
2020-08-24,Córdoba,2398,646,370,2801,596,80,118,1786
2020-08-24,Huelva,595,103,59,721,232,32,51,499
2020-08-24,Jaén,1931,270,153,2428,804,93,192,1846
2020-08-24,Sevilla,3860,851,466,4534,1258,159,291,2986
2020-08-24,Granada,3763,636,378,4568,1283,140,293,3028
2020-08-24,Málaga,5894,1877,928,7671,1637,167,293,4160
2020-08-25,Sevilla,3952,923,514,4626,1269,159,292,2989
2020-08-25,Málaga,6038,1946,892,7815,1656,168,294,4184
2020-08-25,Jaén,1955,282,162,2452,811,93,194,1849
2020-08-25,Huelva,601,108,62,727,232,32,51,504
2020-08-25,Granada,3813,671,393,4618,1285,141,293,3028
2020-08-25,Córdoba,2491,712,420,2894,601,80,117,1792
2020-08-25,Cádiz,2467,832,416,2793,661,88,177,1669
2020-08-25,Almería,3853,1679,772,4130,476,71,68,1499
2020-08-25,Andalucía,25170,7153,3631,30055,6991,832,1486,17514
2020-08-26,Andalucía,26016,7576,3879,30901,7039,834,1490,17559
2020-08-26,Almería,3977,1691,778,4253,480,72,69,1501
2020-08-26,Cádiz,2542,857,415,2868,670,88,177,1669
2020-08-26,Córdoba,2609,797,484,3012,605,80,118,1797
2020-08-26,Málaga,6359,2135,1026,8137,1667,168,295,4191
2020-08-26,Huelva,618,117,63,744,232,32,51,504
2020-08-26,Jaén,1991,315,179,2488,814,94,194,1877
2020-08-26,Granada,3876,698,393,4681,1290,141,294,3028
2020-08-26,Sevilla,4044,966,541,4718,1281,159,292,2992
2020-08-27,Cádiz,2708,971,483,3036,675,88,177,1671
2020-08-27,Andalucía,26832,7854,4026,31721,7102,841,1491,17685
2020-08-27,Almería,4098,1669,767,4374,499,73,69,1520
2020-08-27,Córdoba,2692,868,477,3096,608,81,118,1801
2020-08-27,Huelva,624,106,64,750,232,32,51,504
2020-08-27,Jaén,2027,323,198,2525,815,94,194,1892
2020-08-27,Málaga,6597,2186,1103,8375,1692,170,296,4195
2020-08-27,Sevilla,4131,1001,519,4805,1287,162,292,3064
2020-08-27,Granada,3955,730,415,4760,1294,141,294,3038
2020-08-28,Andalucía,27741,8179,4247,32631,7160,848,1495,17841
2020-08-28,Almería,4258,1673,834,4534,512,74,71,1538
2020-08-28,Cádiz,2837,1049,510,3165,675,90,177,1737
2020-08-28,Córdoba,2768,917,498,3173,619,81,119,1808
2020-08-28,Granada,4058,786,452,4863,1300,141,295,3039
2020-08-28,Huelva,642,115,63,768,233,32,51,504
2020-08-28,Jaén,2051,320,177,2549,817,94,194,1898
2020-08-28,Málaga,6880,2261,1180,8658,1713,174,296,4233
2020-08-28,Sevilla,4247,1058,533,4921,1291,162,292,3084
2020-08-29,Andalucía,28601,8383,4404,33494,7202,852,1500,17888
2020-08-29,Almería,4448,1705,880,4724,526,76,71,1542
2020-08-29,Cádiz,2933,1070,528,3261,679,90,179,1739
2020-08-29,Córdoba,2852,937,513,3258,622,82,120,1819
2020-08-29,Sevilla,4372,1086,594,5046,1294,162,293,3085
2020-08-29,Huelva,650,118,65,776,233,32,51,504
2020-08-29,Jaén,2120,373,212,2618,821,94,194,1911
2020-08-29,Málaga,7111,2299,1182,8891,1722,175,296,4249
2020-08-29,Granada,4115,795,430,4920,1305,141,296,3039
2020-08-30,Andalucía,29220,8417,4344,34117,7238,855,1503,17938
2020-08-30,Almería,4531,1639,810,4808,536,78,73,1560
2020-08-30,Cádiz,3023,1072,567,3352,681,90,179,1770
2020-08-30,Córdoba,2920,945,490,3326,626,82,120,1819
2020-08-30,Huelva,674,139,79,800,233,32,51,504
2020-08-30,Jaén,2189,423,260,2687,823,94,194,1911
2020-08-30,Málaga,7275,2320,1162,9057,1733,175,296,4250
2020-08-30,Sevilla,4454,1094,577,5128,1295,162,293,3085
2020-08-30,Granada,4154,785,399,4959,1311,142,297,3039
2020-08-31,Andalucía,29812,8629,4320,34710,7257,859,1508,18007
2020-08-31,Almería,4618,1659,743,4895,538,78,74,1603
2020-08-31,Cádiz,3104,1094,570,3433,683,90,181,1789
2020-08-31,Córdoba,2951,923,426,3357,627,83,121,1819
2020-08-31,Huelva,696,160,94,823,233,32,51,504
2020-08-31,Jaén,2245,459,289,2743,823,94,194,1911
2020-08-31,Málaga,7407,2330,1147,9189,1746,178,297,4255
2020-08-31,Sevilla,4538,1145,599,5212,1295,162,293,3086
2020-08-31,Granada,4253,859,452,5058,1312,142,297,3040
2020-09-01,Cádiz,3186,1123,586,3514,692,92,181,1790
2020-09-01,Andalucía,30767,9048,4676,35664,7333,867,1515,18056
2020-09-01,Almería,4851,1768,875,5129,556,81,78,1602
2020-09-01,Córdoba,3040,965,476,3445,635,83,121,1826
2020-09-01,Sevilla,4687,1250,653,5361,1313,163,293,3096
2020-09-01,Huelva,696,157,92,823,233,32,51,504
2020-09-01,Jaén,2271,468,277,2769,825,96,195,1914
2020-09-01,Málaga,7715,2420,1244,9497,1759,178,298,4284
2020-09-01,Granada,4321,897,473,5126,1320,142,298,3040
2020-09-02,Andalucía,31651,9367,4795,36548,7403,871,1521,18181
2020-09-02,Almería,5013,1814,916,5291,573,84,81,1646
2020-09-02,Cádiz,3257,1112,566,3585,699,92,182,1795
2020-09-02,Córdoba,3127,1002,496,3532,645,83,121,1845
2020-09-02,Huelva,711,158,91,838,233,32,51,504
2020-09-02,Jaén,2302,480,268,2800,824,96,194,1917
2020-09-02,Málaga,8041,2592,1314,9823,1778,178,298,4300
2020-09-02,Sevilla,4806,1301,673,5480,1323,164,296,3131
2020-09-02,Granada,4394,908,471,5199,1328,142,298,3043
2020-09-03,Andalucía,32689,9710,4856,37586,7460,877,1524,18285
2020-09-03,Cádiz,3391,1160,595,3719,711,93,182,1795
2020-09-03,Córdoba,3202,982,473,3607,658,85,121,1847
2020-09-03,Almería,5147,1811,885,5425,576,84,82,1669
2020-09-03,Huelva,724,166,98,851,233,32,51,504
2020-09-03,Jaén,2372,534,297,2870,827,96,194,1953
2020-09-03,Málaga,8451,2832,1406,10233,1787,178,299,4300
2020-09-03,Sevilla,4931,1302,653,5605,1334,167,297,3173
2020-09-03,Granada,4471,923,449,5276,1334,142,298,3044
2020-09-04,Sevilla,5123,1389,685,5797,1350,167,298,3176
2020-09-04,Málaga,8690,2868,1364,10472,1811,182,299,4336
2020-09-04,Jaén,2460,577,322,2958,829,97,194,1975
2020-09-04,Huelva,734,157,87,861,234,32,52,519
2020-09-04,Granada,4578,970,463,5384,1345,142,299,3046
2020-09-04,Córdoba,3317,1043,522,3722,663,86,122,1857
2020-09-04,Cádiz,3504,1162,578,3832,715,93,183,1799
2020-09-04,Almería,5304,1872,838,5583,585,84,84,1754
2020-09-04,Andalucía,33710,10038,4859,38609,7532,883,1531,18462
